Country_PK,Country_Key,Country_ISO,Country_Name,Country_Name_Short,Country_Latitude,Country_Longitude,Country_UNDPRegion,Country_UNDPGeographicRegion,Country_UNRegion,Country_UNSubRegion,Country_WBRegion,Country_WBIncomeGroup,Country_OCHARegion,Country_ECHORegion,Country_Region,Country_UN_Recognized,UNDP_Country_Office_ISO3,UNDP_Country_Office,UNDP_Country_Office_(Y/N),LDC_Classification,SIDS_Classification,States_of_Fragility_Classification,States_of_Fragility_Classification2020,Fragility_Classification,Country_CreatedOn,Country_CreatedBy,Country_UpdatedOn,Country_UpdatedBy
256,0,,Others,Others,,,,,,,,,,,,No,,,No,Non-LDC,Non-SIDS,,,Non-fragile,2016-12-20 12:51:49.020,RES01\admcunat,2020-09-11 10:45:12.830,RES01\admcunat
1,1,LCA,St. Lucia,St. Lucia,14.0,-60.9832,LAC,Latin America and the Caribbean,Americas,Caribbean,Latin America & Caribbean,Upper middle income,ROLAC,Central America & Caribbean,RBLAC,Yes,BRB,Barbados MCO,Yes,Non-LDC,SIDS,,,Non-fragile,2016-11-23 10:30:50.270,RES01\admcunat,2020-09-11 10:45:12.830,RES01\admcunat
2,2,LIE,Liechtenstein,Liechtenstein,47.1411,9.52148,,,Europe,Western Europe,Europe & Central Asia,High income: nonOECD,CRD,Europe nonEU,,Yes,,,No,Non-LDC,Non-SIDS,,,Non-fragile,2016-11-23 10:30:50.270,RES01\admcunat,2020-09-11 10:45:12.830,RES01\admcunat
3,3,LKA,Sri Lanka,Sri Lanka,6.92148,79.8528,Asia Pacific,Asia and the Pacific,Asia,Southern Asia,South Asia,Lower middle income,ROAP,South Asia,RBAP,Yes,LKA,Sri Lanka,Yes,Non-LDC,Non-SIDS,Not Fragile,,Non-fragile,2016-11-23 10:30:50.270,RES01\admcunat,2020-09-11 10:45:12.830,RES01\admcunat
4,4,LSO,Lesotho,Lesotho,-29.5208,27.7167,Africa,Africa,Africa,Southern Africa,Sub-Saharan Africa,Lower middle income,ROSA,Sub-Saharan Africa,RBA,Yes,LSO,Lesotho,Yes,LDC,Non-SIDS,Not Fragile,Fragile,Non-fragile,2016-11-23 10:30:50.270,RES01\admcunat,2020-09-11 10:45:12.830,RES01\admcunat
5,5,LTU,"Lithuania, Republic of",Lithuania,54.6896,25.2799,ECIS,Europe and the CIS,Europe,Northern Europe,Europe & Central Asia,High income: nonOECD,CRD,Europe EU,RBEC,Yes,,,No,Non-LDC,Non-SIDS,Not Fragile,,Non-fragile,2016-11-23 10:30:50.270,RES01\admcunat,2020-09-11 10:45:12.830,RES01\admcunat
6,6,LUX,Luxembourg,Luxembourg,49.61,6.1296,,,Europe,Western Europe,Europe & Central Asia,High income: OECD,CRD,Europe EU,,Yes,,,No,Non-LDC,Non-SIDS,Not Fragile,,Non-fragile,2016-11-23 10:30:50.270,RES01\admcunat,2020-09-11 10:45:12.830,RES01\admcunat
7,7,LVA,"Latvia, Republic of",Latvia,56.9465,24.1048,ECIS,Europe and the CIS,Europe,Northern Europe,Europe & Central Asia,High income: nonOECD,CRD,Europe EU,RBEC,Yes,,,No,Non-LDC,Non-SIDS,Not Fragile,,Non-fragile,2016-11-23 10:30:50.270,RES01\admcunat,2020-09-11 10:45:12.830,RES01\admcunat
8,8,MAC,Macao,Macao,22.1667,113.55,,,,,,,,,,No,,,No,Non-LDC,Non-SIDS,,,Non-fragile,2016-11-24 15:02:20.090,RES01\admcunat,2020-09-11 10:45:12.830,RES01\admcunat
9,9,MAF,Saint Martin (French part),St. Martin (French part),18.0858547,-63.0618597,,,,,,,,,,No,,,No,Non-LDC,Non-SIDS,,,Non-fragile,2016-11-24 15:02:20.090,RES01\admcunat,2020-09-11 10:45:12.830,RES01\admcunat
10,10,MAR,Morocco,Morocco,33.9905,-6.8704,Arab States,Arab States,Africa,Northern Africa,Middle East & North Africa,Lower middle income,ROMENA,Middle East & North Africa,RBAS,Yes,MAR,Morocco,Yes,Non-LDC,Non-SIDS,Not Fragile,,Non-fragile,2016-11-23 10:30:50.270,RES01\admcunat,2020-09-11 10:45:12.830,RES01\admcunat
11,11,MCO,Monaco,Monaco,43.7325,7.41891,,,,,,,,,,Yes,,,No,Non-LDC,Non-SIDS,,,Non-fragile,2016-11-24 15:02:20.090,RES01\admcunat,2020-09-11 10:45:12.830,RES01\admcunat
12,12,MDA,"Moldova, Republic of",Moldova,47.0167,28.8497,ECIS,Europe and the CIS,Europe,Eastern Europe,Europe & Central Asia,Lower middle income,CRD,Caucasus & EU's Eastern Neighbourhood,RBEC,Yes,MDA,Moldova,Yes,Non-LDC,Non-SIDS,Not Fragile,,Non-fragile,2016-11-23 10:30:50.270,RES01\admcunat,2020-09-11 10:45:12.830,RES01\admcunat
13,13,MDG,Madagascar,Madagascar,-20.4667,45.7167,Africa,Africa,Africa,Eastern Africa,Sub-Saharan Africa,Low income,ROSA,Sub-Saharan Africa,RBA,Yes,MDG,Madagascar,Yes,LDC,Non-SIDS,Fragile,Fragile,Fragile,2016-11-23 10:30:50.270,RES01\admcunat,2020-09-11 10:45:12.830,RES01\admcunat
14,14,MDV,Maldives,Maldives,4.1742,73.5109,Asia Pacific,Asia and the Pacific,Asia,Southern Asia,South Asia,Upper middle income,ROAP,South Asia,RBAP,Yes,MDV,Maldives,Yes,Non-LDC,SIDS,Not Fragile,,Non-fragile,2016-11-23 10:30:50.270,RES01\admcunat,2020-09-11 10:45:12.830,RES01\admcunat
15,15,MEX,Mexico,Mexico,19.427,-99.1276,LAC,Latin America and the Caribbean,Americas,Central America,Latin America & Caribbean,Upper middle income,ROLAC,Central America & Caribbean,RBLAC,Yes,MEX,Mexico,Yes,Non-LDC,Non-SIDS,Not Fragile,,Non-fragile,2016-11-23 10:30:50.270,RES01\admcunat,2020-09-11 10:45:12.830,RES01\admcunat
16,16,MHL,Marshall Islands,Marshall Islands,7.11046,171.135,Asia Pacific,Asia and the Pacific,Oceania,Micronesia,East Asia & Pacific,Upper middle income,ROP,East Asia & Pacific,RBAP,Yes,FJI,Pacific MCO,Yes,Non-LDC,SIDS,,,Non-fragile,2016-11-23 10:30:50.270,RES01\admcunat,2020-09-11 10:45:12.830,RES01\admcunat
17,17,MKD,Republic of North Macedonia,North Macedonia,42.0024,21.4361,ECIS,Europe and the CIS,Europe,Southern Europe,Europe & Central Asia,Upper middle income,CRD,Caucasus & EU's Eastern Neighbourhood,RBEC,Yes,MKD,Republic of North Macedonia,Yes,Non-LDC,Non-SIDS,Not Fragile,,Non-fragile,2016-11-23 10:30:50.270,RES01\admcunat,2020-09-11 10:45:12.830,RES01\admcunat
18,18,MLI,Mali,Mali,13.5667,-7.50034,Africa,Africa,Africa,Western Africa,Sub-Saharan Africa,Low income,ROWCA,Sub-Saharan Africa,RBA,Yes,MLI,Mali,Yes,LDC,Non-SIDS,Extremely Fragile,Fragile,Fragile,2016-11-23 10:30:50.270,RES01\admcunat,2020-09-11 10:45:12.830,RES01\admcunat
19,19,MLT,Malta,Malta,35.9042,14.5189,ECIS,Europe and the CIS,Europe,Southern Europe,Middle East & North Africa,High income: nonOECD,CRD,Europe EU,RBEC,Yes,,,No,Non-LDC,Non-SIDS,,,Non-fragile,2016-11-23 10:30:50.270,RES01\admcunat,2020-09-11 10:45:12.830,RES01\admcunat
20,20,BFA,Burkina Faso,Burkina Faso,12.3605,-1.53395,Africa,Africa,Africa,Western Africa,Sub-Saharan Africa,Low income,ROWCA,Sub-Saharan Africa,RBA,Yes,BFA,Burkina Faso,Yes,LDC,Non-SIDS,Fragile,Fragile,Fragile,2016-11-23 10:30:50.270,RES01\admcunat,2020-09-11 10:45:12.830,RES01\admcunat
21,21,BGD,Bangladesh,Bangladesh,23.7055,90.4113,Asia Pacific,Asia and the Pacific,Asia,Southern Asia,South Asia,Low income,ROAP,South Asia,RBAP,Yes,BGD,Bangladesh,Yes,LDC,Non-SIDS,Fragile,Fragile,Fragile,2016-11-23 10:30:50.270,RES01\admcunat,2020-09-11 10:45:12.830,RES01\admcunat
22,22,BGR,Bulgaria,Bulgaria,42.7105,23.3238,ECIS,Europe and the CIS,Europe,Eastern Europe,Europe & Central Asia,Upper middle income,CRD,Europe EU,RBEC,Yes,,,No,Non-LDC,Non-SIDS,Not Fragile,,Non-fragile,2016-11-23 10:30:50.270,RES01\admcunat,2020-09-11 10:45:12.830,RES01\admcunat
23,23,BHR,Bahrain,Bahrain,26.1921,50.5354,Arab States,Arab States,Asia,Western Asia,Middle East & North Africa,High income: nonOECD,ROMENA,Middle East & North Africa,RBAS,Yes,BHR,Bahrain,Yes,Non-LDC,SIDS,Not Fragile,,Non-fragile,2016-11-23 10:30:50.270,RES01\admcunat,2020-09-11 10:45:12.830,RES01\admcunat
24,24,BHS,Bahamas,Bahamas,25.0661,-77.339,LAC,Latin America and the Caribbean,Americas,Caribbean,Latin America & Caribbean,High income: nonOECD,ROLAC,Central America & Caribbean,RBLAC,Yes,JAM,Jamaica CO,Yes,Non-LDC,SIDS,,,Non-fragile,2016-11-23 10:30:50.270,RES01\admcunat,2020-09-11 10:45:12.830,RES01\admcunat
25,25,BIH,Bosnia and Herzegovina,Bosnia and Herzegovina,43.8607,18.4214,ECIS,Europe and the CIS,Europe,Southern Europe,Europe & Central Asia,Upper middle income,CRD,Caucasus & EU's Eastern Neighbourhood,RBEC,Yes,BIH,Bosnia and Herzegovina,Yes,Non-LDC,Non-SIDS,Not Fragile,,Non-fragile,2016-11-23 10:30:50.270,RES01\admcunat,2020-09-11 10:45:12.830,RES01\admcunat
26,26,BLM,Saint Barthélemy,Saint Barthélemy,17.9139222,-62.8338521,,,,,,,,,,No,,,No,Non-LDC,Non-SIDS,,,Non-fragile,2016-11-24 15:02:20.090,RES01\admcunat,2020-09-11 10:45:12.830,RES01\admcunat
27,27,BLR,"Belarus, Republic of",Belarus,53.9678,27.5766,ECIS,Europe and the CIS,Europe,Eastern Europe,Europe & Central Asia,Upper middle income,CRD,Caucasus & EU's Eastern Neighbourhood,RBEC,Yes,BLR,"Belarus, Republic of",Yes,Non-LDC,Non-SIDS,Not Fragile,,Non-fragile,2016-11-23 10:30:50.270,RES01\admcunat,2020-09-11 10:45:12.830,RES01\admcunat
28,28,BLZ,Belize,Belize,17.2534,-88.7713,LAC,Latin America and the Caribbean,Americas,Central America,Latin America & Caribbean,Upper middle income,ROLAC,Central America & Caribbean,RBLAC,Yes,JAM,Jamaica CO,Yes,Non-LDC,SIDS,,,Non-fragile,2016-11-23 10:30:50.270,RES01\admcunat,2020-09-11 10:45:12.830,RES01\admcunat
29,29,BMU,Bermuda,Bermuda,32.3293,-64.706,LAC,Latin America and the Caribbean,,,,,,,RBLAC,No,JAM,Jamaica CO,Yes,Non-LDC,SIDS,,,Non-fragile,2016-11-23 10:30:50.270,RES01\admcunat,2020-09-11 10:45:12.830,RES01\admcunat
30,30,BOL,Bolivia,Bolivia,-13.9908,-66.1936,LAC,Latin America and the Caribbean,Americas,South America,Latin America & Caribbean,Lower middle income,ROLAC,Central America & Caribbean,RBLAC,Yes,BOL,Bolivia,Yes,Non-LDC,Non-SIDS,Not Fragile,,Non-fragile,2016-11-23 10:30:50.270,RES01\admcunat,2020-09-11 10:45:12.830,RES01\admcunat
31,31,BRA,Brazil,Brazil,-15.7801,-47.9292,LAC,Latin America and the Caribbean,Americas,South America,Latin America & Caribbean,Upper middle income,ROLAC,Latin America,RBLAC,Yes,BRA,Brazil,Yes,Non-LDC,Non-SIDS,Not Fragile,,Non-fragile,2016-11-23 10:30:50.270,RES01\admcunat,2020-09-11 10:45:12.830,RES01\admcunat
32,32,BRB,Barbados,Barbados,13.0935,-59.6105,LAC,Latin America and the Caribbean,Americas,Caribbean,Latin America & Caribbean,High income: nonOECD,ROLAC,Central America & Caribbean,RBLAC,Yes,BRB,Barbados MCO,Yes,Non-LDC,SIDS,Not Fragile,,Non-fragile,2016-11-23 10:30:50.270,RES01\admcunat,2020-09-11 10:45:12.830,RES01\admcunat
33,33,BRN,Brunei Darussalam,Brunei Darussalam,4.94199,114.946,,,Asia,South-Eastern Asia,East Asia & Pacific,High income: nonOECD,ROAP,East Asia & Pacific,,Yes,,,No,Non-LDC,Non-SIDS,,,Non-fragile,2016-11-23 10:30:50.270,RES01\admcunat,2020-09-11 10:45:12.830,RES01\admcunat
34,34,BTN,Bhutan,Bhutan,27.5768,89.6177,Asia Pacific,Asia and the Pacific,Asia,Southern Asia,South Asia,Lower middle income,ROAP,South Asia,RBAP,Yes,BTN,Bhutan,Yes,LDC,Non-SIDS,Not Fragile,,Non-fragile,2016-11-23 10:30:50.270,RES01\admcunat,2020-09-11 10:45:12.830,RES01\admcunat
35,35,BVT,Bouvet Island,Bouvet Island,-54.423199,3.413194,,,,,,,,,,No,,,No,Non-LDC,Non-SIDS,,,Non-fragile,2016-11-24 15:02:20.090,RES01\admcunat,2020-09-11 10:45:12.830,RES01\admcunat
36,36,BWA,Botswana,Botswana,-24.6544,25.9201,Africa,Africa,Africa,Southern Africa,Sub-Saharan Africa,Upper middle income,ROSA,Sub-Saharan Africa,RBA,Yes,BWA,Botswana,Yes,Non-LDC,Non-SIDS,Not Fragile,,Non-fragile,2016-11-23 10:30:50.270,RES01\admcunat,2020-09-11 10:45:12.830,RES01\admcunat
37,37,STP,Sao Tome and Principe,Sao Tome and Principe,0.20618,6.6071,Africa,Africa,Africa,Middle Africa,Sub-Saharan Africa,Lower middle income,ROWCA,Sub-Saharan Africa,RBA,Yes,STP,Sao Tome and Principe,Yes,LDC,SIDS,Not Fragile,,Non-fragile,2016-11-23 10:30:50.270,RES01\admcunat,2020-09-11 10:45:12.830,RES01\admcunat
38,38,SUR,Suriname,Suriname,5.8232,-55.1679,LAC,Latin America and the Caribbean,Americas,South America,Latin America & Caribbean,Upper middle income,ROLAC,Latin America,RBLAC,Yes,SUR,Suriname,Yes,Non-LDC,SIDS,Not Fragile,,Non-fragile,2016-11-23 10:30:50.270,RES01\admcunat,2020-09-11 10:45:12.830,RES01\admcunat
39,39,SVK,Slovakia,Slovak Republic,48.1484,17.1073,ECIS,Europe and the CIS,Europe,Eastern Europe,Europe & Central Asia,High income: OECD,CRD,Europe EU,RBEC,Yes,,,No,Non-LDC,Non-SIDS,Not Fragile,,Non-fragile,2016-11-23 10:30:50.270,RES01\admcunat,2020-09-11 10:45:12.830,RES01\admcunat
40,40,SVN,Slovenia,Slovenia,46.0546,14.5044,ECIS,Europe and the CIS,Europe,Southern Europe,Europe & Central Asia,High income: OECD,CRD,Europe EU,RBEC,Yes,,,No,Non-LDC,Non-SIDS,Not Fragile,,Non-fragile,2016-11-23 10:30:50.270,RES01\admcunat,2020-09-11 10:45:12.830,RES01\admcunat
41,41,SWE,Sweden,Sweden,59.3327,18.0645,,,Europe,Northern Europe,Europe & Central Asia,High income: OECD,CRD,Europe EU,,Yes,,,No,Non-LDC,Non-SIDS,Not Fragile,,Non-fragile,2016-11-23 10:30:50.270,RES01\admcunat,2020-09-11 10:45:12.830,RES01\admcunat
42,42,SWZ,eSwatini,Eswatini,-26.5225,31.4659,Africa,Africa,Africa,Southern Africa,Sub-Saharan Africa,Lower middle income,ROSA,Sub-Saharan Africa,RBA,Yes,SWZ,eSwatini,Yes,Non-LDC,Non-SIDS,Fragile,Fragile,Fragile,2016-11-23 10:30:50.270,RES01\admcunat,2020-09-11 10:45:12.830,RES01\admcunat
43,43,SXM,Sint Maarten,Sint Maarten (Dutch part),18.0347188,-63.0681114,LAC,Latin America and the Caribbean,,,,,,,RBLAC,No,TTO,Trinidad and Tobago MCO,Yes,Non-LDC,SIDS,,,Non-fragile,2016-11-23 10:30:50.270,RES01\admcunat,2020-09-11 10:45:12.830,RES01\admcunat
44,44,SYC,Seychelles,Seychelles,-4.6309,55.4466,Africa,Africa,Africa,Eastern Africa,Sub-Saharan Africa,Upper middle income,ROSA,Sub-Saharan Africa,RBA,Yes,MUS,Mauritius & Seychelles,Yes,Non-LDC,SIDS,Not Fragile,,Non-fragile,2016-11-23 10:30:50.270,RES01\admcunat,2020-09-11 10:45:12.830,RES01\admcunat
45,45,SYR,Syria,Syrian Arab Republic,33.5146,36.3119,Arab States,Arab States,Asia,Western Asia,Middle East & North Africa,Lower middle income,ROMENA,Middle East & North Africa,RBAS,Yes,SYR,Syria,Yes,Non-LDC,Non-SIDS,Extremely Fragile,Extremely Fragile,Fragile,2016-11-23 10:30:50.270,RES01\admcunat,2020-09-11 10:45:12.830,RES01\admcunat
46,46,TCA,Turks and Caicos Islands,Turks and Caicos Islands,21.4602778,-71.141389,LAC,Latin America and the Caribbean,,,,,,,RBLAC,No,JAM,Jamaica CO,Yes,Non-LDC,SIDS,,,Non-fragile,2016-11-23 10:30:50.270,RES01\admcunat,2020-09-11 10:45:12.830,RES01\admcunat
47,47,TCD,Chad,Chad,12.1048,15.0445,Africa,Africa,Africa,Middle Africa,Sub-Saharan Africa,Low income,ROWCA,Sub-Saharan Africa,RBA,Yes,TCD,Chad,Yes,LDC,Non-SIDS,Extremely Fragile,Extremely Fragile,Fragile,2016-11-23 10:30:50.270,RES01\admcunat,2020-09-11 10:45:12.830,RES01\admcunat
48,48,TGO,Togo,Togo,6.1228,1.2255,Africa,Africa,Africa,Western Africa,Sub-Saharan Africa,Low income,ROWCA,Sub-Saharan Africa,RBA,Yes,TGO,Togo,Yes,LDC,Non-SIDS,Not Fragile,Fragile,Non-fragile,2016-11-23 10:30:50.270,RES01\admcunat,2020-09-11 10:45:12.830,RES01\admcunat
49,49,THA,Thailand,Thailand,13.7308,100.521,Asia Pacific,Asia and the Pacific,Asia,South-Eastern Asia,East Asia & Pacific,Upper middle income,ROAP,East Asia & Pacific,RBAP,Yes,THA,Thailand,Yes,Non-LDC,Non-SIDS,Not Fragile,,Non-fragile,2016-11-23 10:30:50.270,RES01\admcunat,2020-09-11 10:45:12.830,RES01\admcunat
50,50,TJK,Tajikistan,Tajikistan,38.5878,68.7864,ECIS,Europe and the CIS,Asia,Central Asia,Europe & Central Asia,Low income,ROCCA,Central Asia,RBEC,Yes,TJK,Tajikistan,Yes,Non-LDC,Non-SIDS,Fragile,Fragile,Fragile,2016-11-23 10:30:50.270,RES01\admcunat,2020-09-11 10:45:12.830,RES01\admcunat
51,51,TKL,Tokelau,Tokelau,-8.967363,-171.855881,Asia Pacific,Asia and the Pacific,,,,,,,RBAP,No,WSM,Samoa MCO,Yes,Non-LDC,Non-SIDS,,,Non-fragile,2016-11-23 10:30:50.270,RES01\admcunat,2020-09-11 10:45:12.830,RES01\admcunat
52,52,TKM,Turkmenistan,Turkmenistan,37.9509,58.3794,ECIS,Europe and the CIS,Asia,Central Asia,Europe & Central Asia,Upper middle income,ROCCA,Central Asia,RBEC,Yes,TKM,Turkmenistan,Yes,Non-LDC,Non-SIDS,Not Fragile,,Non-fragile,2016-11-23 10:30:50.270,RES01\admcunat,2020-09-11 10:45:12.830,RES01\admcunat
53,53,TLS,Timor-Leste,Timor-Leste,-8.56667,125.567,Asia Pacific,Asia and the Pacific,Asia,South-Eastern Asia,East Asia & Pacific,Lower middle income,ROAP,East Asia & Pacific,RBAP,Yes,TLS,Timor-Leste,Yes,LDC,SIDS,Fragile,,Fragile,2016-11-23 10:30:50.270,RES01\admcunat,2020-09-11 10:45:12.830,RES01\admcunat
54,54,GUY,Guyana,Guyana,6.80461,-58.1548,LAC,Latin America and the Caribbean,Americas,South America,Latin America & Caribbean,Lower middle income,ROLAC,Latin America,RBLAC,Yes,GUY,Guyana,Yes,Non-LDC,SIDS,Not Fragile,,Non-fragile,2016-11-23 10:30:50.270,RES01\admcunat,2020-09-11 10:45:12.830,RES01\admcunat
55,55,HKG,Hong Kong,Hong Kong,22.3964,114.109,Asia Pacific,Asia and the Pacific,,,,,,,RBAP,No,,,No,Non-LDC,Non-SIDS,,,Non-fragile,2016-11-23 10:30:50.270,RES01\admcunat,2020-09-11 10:45:12.830,RES01\admcunat
56,56,HMD,Heard Island and McDonald Islands,Heard Island and McDonald Islands,-53.08181,73.504158,,,,,,,,,,No,,,No,Non-LDC,Non-SIDS,,,Non-fragile,2016-11-24 15:02:20.090,RES01\admcunat,2020-09-11 10:45:12.830,RES01\admcunat
57,57,HND,Honduras,Honduras,15.1333,-87.4667,LAC,Latin America and the Caribbean,Americas,Central America,Latin America & Caribbean,Lower middle income,ROLAC,Central America & Caribbean,RBLAC,Yes,HND,Honduras,Yes,Non-LDC,Non-SIDS,Fragile,Fragile,Fragile,2016-11-23 10:30:50.270,RES01\admcunat,2020-09-11 10:45:12.830,RES01\admcunat
58,58,HRV,Croatia,Croatia,45.8069,15.9614,ECIS,Europe and the CIS,Europe,Southern Europe,Europe & Central Asia,High income: nonOECD,CRD,Europe EU,RBEC,Yes,,,No,Non-LDC,Non-SIDS,Not Fragile,,Non-fragile,2016-11-23 10:30:50.270,RES01\admcunat,2020-09-11 10:45:12.830,RES01\admcunat
59,59,HTI,Haiti,Haiti,18.5392,-72.3288,LAC,Latin America and the Caribbean,Americas,Caribbean,Latin America & Caribbean,Low income,ROLAC,Central America & Caribbean,RBLAC,Yes,HTI,Haiti,Yes,LDC,SIDS,Extremely Fragile,Extremely Fragile,Fragile,2016-11-23 10:30:50.270,RES01\admcunat,2020-09-11 10:45:12.830,RES01\admcunat
60,60,HUN,Hungary,Hungary,47.4984,19.0408,ECIS,Europe and the CIS,Europe,Eastern Europe,Europe & Central Asia,Upper middle income,CRD,Europe EU,RBEC,Yes,,,No,Non-LDC,Non-SIDS,Not Fragile,,Non-fragile,2016-11-23 10:30:50.270,RES01\admcunat,2020-09-11 10:45:12.830,RES01\admcunat
61,61,IDN,Indonesia,Indonesia,-6.19752,106.83,Asia Pacific,Asia and the Pacific,Asia,South-Eastern Asia,East Asia & Pacific,Lower middle income,ROAP,East Asia & Pacific,RBAP,Yes,IDN,Indonesia,Yes,Non-LDC,Non-SIDS,Not Fragile,,Non-fragile,2016-11-23 10:30:50.270,RES01\admcunat,2020-09-11 10:45:12.830,RES01\admcunat
62,62,IMN,Isle of Man,Isle of Man,54.1509,-4.47928,,,,,,,,,,No,,,No,Non-LDC,Non-SIDS,,,Non-fragile,2016-11-24 15:02:20.090,RES01\admcunat,2020-09-11 10:45:12.830,RES01\admcunat
63,63,IND,India,India,28.6353,77.225,Asia Pacific,Asia and the Pacific,Asia,Southern Asia,South Asia,Lower middle income,ROAP,South Asia,RBAP,Yes,IND,India,Yes,Non-LDC,Non-SIDS,Not Fragile,,Non-fragile,2016-11-23 10:30:50.270,RES01\admcunat,2020-09-11 10:45:12.830,RES01\admcunat
64,64,IOT,British Indian Ocean Territory,British Indian Ocean Territory,-6.343194,71.876519,,,,,,,,,,No,,,No,Non-LDC,Non-SIDS,,,Non-fragile,2016-11-24 15:02:20.090,RES01\admcunat,2020-09-11 10:45:12.830,RES01\admcunat
65,65,IRL,Ireland,Ireland,53.3441,-6.26749,,,Europe,Northern Europe,Europe & Central Asia,High income: OECD,CRD,Europe EU,,Yes,,,No,Non-LDC,Non-SIDS,Not Fragile,,Non-fragile,2016-11-23 10:30:50.270,RES01\admcunat,2020-09-11 10:45:12.830,RES01\admcunat
66,66,IRN,"Iran, Islamic Republic of",Iran,35.6878,51.4447,Asia Pacific,Asia and the Pacific,Asia,Southern Asia,Middle East & North Africa,Upper middle income,ROMENA,Middle East & North Africa,RBAP,Yes,IRN,Iran,Yes,Non-LDC,Non-SIDS,Fragile,Fragile,Fragile,2016-11-23 10:30:50.270,RES01\admcunat,2020-09-11 10:45:12.830,RES01\admcunat
67,67,IRQ,Iraq,Iraq,33.3302,44.394,Arab States,Arab States,Asia,Western Asia,Middle East & North Africa,Upper middle income,ROMENA,Middle East & North Africa,RBAS,Yes,IRQ,Iraq,Yes,Non-LDC,Non-SIDS,Extremely Fragile,Extremely Fragile,Fragile,2016-11-23 10:30:50.270,RES01\admcunat,2020-09-11 10:45:12.830,RES01\admcunat
68,68,ISL,Iceland,Iceland,64.1353,-21.8952,,,Europe,Northern Europe,Europe & Central Asia,High income: OECD,CRD,Europe nonEU,,Yes,,,No,Non-LDC,Non-SIDS,Not Fragile,,Non-fragile,2016-11-23 10:30:50.270,RES01\admcunat,2020-09-11 10:45:12.830,RES01\admcunat
69,69,ISR,Israel,Israel,31.7717,35.2035,,,Asia,Western Asia,Middle East & North Africa,High income: OECD,ROMENA,Middle East & North Africa,,Yes,,,No,Non-LDC,Non-SIDS,Not Fragile,,Non-fragile,2016-11-23 10:30:50.270,RES01\admcunat,2020-09-11 10:45:12.830,RES01\admcunat
70,70,ITA,Italy,Italy,41.8955,12.4823,,,Europe,Southern Europe,Europe & Central Asia,High income: OECD,CRD,Europe EU,,Yes,,,No,Non-LDC,Non-SIDS,Not Fragile,,Non-fragile,2016-11-23 10:30:50.270,RES01\admcunat,2020-09-11 10:45:12.830,RES01\admcunat
71,71,JAM,Jamaica,Jamaica,17.9927,-76.792,LAC,Latin America and the Caribbean,Americas,Caribbean,Latin America & Caribbean,Upper middle income,ROLAC,Central America & Caribbean,RBLAC,Yes,JAM,Jamaica CO,Yes,Non-LDC,SIDS,Not Fragile,,Non-fragile,2016-11-23 10:30:50.270,RES01\admcunat,2020-09-11 10:45:12.830,RES01\admcunat
72,72,JEY,Jersey,Jersey,49.214439,-2.13125,,,,,,,,,,No,,,No,Non-LDC,Non-SIDS,,,Non-fragile,2016-11-24 15:02:20.090,RES01\admcunat,2020-09-11 10:45:12.830,RES01\admcunat
73,73,JOR,Jordan,Jordan,31.9497,35.9263,Arab States,Arab States,Asia,Western Asia,Middle East & North Africa,Upper middle income,ROMENA,Middle East & North Africa,RBAS,Yes,JOR,Jordan,Yes,Non-LDC,Non-SIDS,Not Fragile,,Non-fragile,2016-11-23 10:30:50.270,RES01\admcunat,2020-09-11 10:45:12.830,RES01\admcunat
74,74,NOR,Norway,Norway,59.9138,10.7387,,,Europe,Northern Europe,Europe & Central Asia,High income: OECD,CRD,Europe nonEU,,Yes,,,No,Non-LDC,Non-SIDS,Not Fragile,,Non-fragile,2016-11-23 10:30:50.270,RES01\admcunat,2020-09-11 10:45:12.830,RES01\admcunat
75,75,NPL,Nepal,Nepal,27.6939,85.3157,Asia Pacific,Asia and the Pacific,Asia,Southern Asia,South Asia,Low income,ROAP,South Asia,RBAP,Yes,NPL,Nepal,Yes,LDC,Non-SIDS,Fragile,,Fragile,2016-11-23 10:30:50.270,RES01\admcunat,2020-09-11 10:45:12.830,RES01\admcunat
76,76,NRU,Nauru,Nauru,-0.5477,166.920867,Asia Pacific,Asia and the Pacific,Oceania,Micronesia,East Asia & Pacific,,ROP,East Asia & Pacific,RBAP,Yes,FJI,Pacific MCO,Yes,Non-LDC,SIDS,,,Non-fragile,2016-11-23 10:30:50.270,RES01\admcunat,2020-09-11 10:45:12.830,RES01\admcunat
77,77,NZL,New Zealand,New Zealand,-41.2865,174.776,,,Oceania,Australia and New Zealand,East Asia & Pacific,High income: OECD,ROAP,East Asia & Pacific,,Yes,,,No,Non-LDC,Non-SIDS,Not Fragile,,Non-fragile,2016-11-23 10:30:50.270,RES01\admcunat,2020-09-11 10:45:12.830,RES01\admcunat
78,78,OMN,Oman,Oman,23.6105,58.5874,,,Asia,Western Asia,Middle East & North Africa,High income: nonOECD,ROMENA,Middle East & North Africa,,Yes,,,No,Non-LDC,Non-SIDS,Not Fragile,,Non-fragile,2016-11-23 10:30:50.270,RES01\admcunat,2020-09-11 10:45:12.830,RES01\admcunat
79,79,PAK,Pakistan,Pakistan,30.5167,72.8,Asia Pacific,Asia and the Pacific,Asia,Southern Asia,South Asia,Lower middle income,ROMENA,South Asia,RBAP,Yes,PAK,Pakistan,Yes,Non-LDC,Non-SIDS,Fragile,Fragile,Fragile,2016-11-23 10:30:50.270,RES01\admcunat,2020-09-11 10:45:12.830,RES01\admcunat
80,80,PAN,Panama,Panama,8.99427,-79.5188,LAC,Latin America and the Caribbean,Americas,Central America,Latin America & Caribbean,Upper middle income,ROLAC,Central America & Caribbean,RBLAC,Yes,PAN,Panama,Yes,Non-LDC,Non-SIDS,Not Fragile,,Non-fragile,2016-11-23 10:30:50.270,RES01\admcunat,2020-09-11 10:45:12.830,RES01\admcunat
81,81,PCN,Pitcairn,Pitcairn,-24.703615,-127.439308,,,,,,,,,,No,,,No,Non-LDC,Non-SIDS,,,Non-fragile,2016-11-24 15:02:20.090,RES01\admcunat,2020-09-11 10:45:12.830,RES01\admcunat
82,82,PER,Peru,Peru,-12.0931,-77.0465,LAC,Latin America and the Caribbean,Americas,South America,Latin America & Caribbean,Upper middle income,ROLAC,Latin America,RBLAC,Yes,PER,Peru,Yes,Non-LDC,Non-SIDS,Not Fragile,,Non-fragile,2016-11-23 10:30:50.270,RES01\admcunat,2020-09-11 10:45:12.830,RES01\admcunat
83,83,PHL,Philippines,Philippines,14.5515,121.035,Asia Pacific,Asia and the Pacific,Asia,South-Eastern Asia,East Asia & Pacific,Lower middle income,ROAP,East Asia & Pacific,RBAP,Yes,PHL,Philippines,Yes,Non-LDC,Non-SIDS,Not Fragile,,Non-fragile,2016-11-23 10:30:50.270,RES01\admcunat,2020-09-11 10:45:12.830,RES01\admcunat
84,84,PLW,Republic of Palau,Palau,7.34194,134.479,Asia Pacific,Asia and the Pacific,Oceania,Micronesia,East Asia & Pacific,Upper middle income,ROP,East Asia & Pacific,RBAP,Yes,FJI,Pacific MCO,Yes,Non-LDC,SIDS,,,Non-fragile,2016-11-23 10:30:50.270,RES01\admcunat,2020-09-11 10:45:12.830,RES01\admcunat
85,85,PNG,Papua New Guinea,Papua New Guinea,-9.47357,147.194,Asia Pacific,Asia and the Pacific,Oceania,Melanesia,East Asia & Pacific,Lower middle income,ROAP,East Asia & Pacific,RBAP,Yes,PNG,Papua New Guinea,Yes,Non-LDC,SIDS,Fragile,Fragile,Fragile,2016-11-23 10:30:50.270,RES01\admcunat,2020-09-11 10:45:12.830,RES01\admcunat
86,86,POL,Poland,Poland,52.26,21.02,ECIS,Europe and the CIS,Europe,Eastern Europe,Europe & Central Asia,High income: OECD,CRD,Europe EU,RBEC,Yes,,,No,Non-LDC,Non-SIDS,Not Fragile,,Non-fragile,2016-11-23 10:30:50.270,RES01\admcunat,2020-09-11 10:45:12.830,RES01\admcunat
87,87,PRI,Puerto Rico,Puerto Rico,18.23,-66.0,,,,,,,,,,No,,,No,Non-LDC,SIDS,,,Non-fragile,2016-11-24 15:02:20.090,RES01\admcunat,2020-09-11 10:45:12.830,RES01\admcunat
88,88,PRK,"Korea, Democratic People's Republic of","Korea, Dem. People's Rep.",39.0319,125.754,Asia Pacific,Asia and the Pacific,Asia,Eastern Asia,East Asia & Pacific,Low income,ROAP,East Asia & Pacific,RBAP,Yes,PRK,"Korea, Democratic People's Republic of",Yes,Non-LDC,Non-SIDS,Fragile,Fragile,Fragile,2016-11-23 10:30:50.270,RES01\admcunat,2020-09-11 10:45:12.830,RES01\admcunat
89,89,PRT,Portugal,Portugal,38.7072,-9.13552,,,Europe,Southern Europe,Europe & Central Asia,High income: OECD,CRD,Europe EU,,Yes,,,No,Non-LDC,Non-SIDS,Not Fragile,,Non-fragile,2016-11-23 10:30:50.270,RES01\admcunat,2020-09-11 10:45:12.830,RES01\admcunat
90,90,PRY,Paraguay,Paraguay,-25.3005,-57.6362,LAC,Latin America and the Caribbean,Americas,South America,Latin America & Caribbean,Lower middle income,ROLAC,Latin America,RBLAC,Yes,PRY,Paraguay,Yes,Non-LDC,Non-SIDS,Not Fragile,,Non-fragile,2016-11-23 10:30:50.270,RES01\admcunat,2020-09-11 10:45:12.830,RES01\admcunat
91,91,PSE,Occupied Palestinian territory,Occupied Palestinian territory,31.5,34.46667,Arab States,Arab States,Asia,Western Asia,Middle East & North Africa,Lower middle income,ROMENA,Middle East & North Africa,,Yes,PSE,Programme of Assistance to the Palestinian People,Yes,Non-LDC,Non-SIDS,Fragile,,Fragile,2016-11-23 10:30:50.270,RES01\admcunat,2020-09-11 10:45:12.830,RES01\admcunat
92,92,PYF,French Polynesia,French Polynesia,-17.535,-149.57,,,,,,,,,,No,,,No,Non-LDC,SIDS,,,Non-fragile,2016-11-24 15:02:20.090,RES01\admcunat,2020-09-11 10:45:12.830,RES01\admcunat
93,93,CYM,Cayman Islands,Cayman Islands,19.3022,-81.3857,LAC,Latin America and the Caribbean,,,,,,,RBLAC,No,JAM,Jamaica CO,Yes,Non-LDC,SIDS,,,Non-fragile,2016-11-23 10:30:50.270,RES01\admcunat,2020-09-11 10:45:12.830,RES01\admcunat
94,94,CYP,Cyprus,Cyprus,35.1676,33.3736,ECIS,Europe and the CIS,Asia,Western Asia,Europe & Central Asia,High income: nonOECD,CRD,Europe EU,RBEC,Yes,,,No,Non-LDC,Non-SIDS,Not Fragile,,Non-fragile,2016-11-23 10:30:50.270,RES01\admcunat,2020-09-11 10:45:12.830,RES01\admcunat
95,95,CZE,Czechia,Czech Republic,50.0878,14.4205,ECIS,Europe and the CIS,Europe,Eastern Europe,Europe & Central Asia,High income: OECD,CRD,Europe EU,RBEC,Yes,,,No,Non-LDC,Non-SIDS,Not Fragile,,Non-fragile,2016-11-23 10:30:50.270,RES01\admcunat,2020-09-11 10:45:12.830,RES01\admcunat
96,96,DEU,Germany,Germany,52.5235,13.4115,,,Europe,Western Europe,Europe & Central Asia,High income: OECD,CRD,Europe EU,,Yes,,,No,Non-LDC,Non-SIDS,Not Fragile,,Non-fragile,2016-11-23 10:30:50.270,RES01\admcunat,2020-09-11 10:45:12.830,RES01\admcunat
97,97,DJI,Djibouti,Djibouti,11.5806,43.1425,Arab States,Arab States,Africa,Eastern Africa,Middle East & North Africa,Lower middle income,ROCEA,Middle East & North Africa,RBAS,Yes,DJI,Djibouti,Yes,LDC,Non-SIDS,Fragile,Fragile,Fragile,2016-11-23 10:30:50.270,RES01\admcunat,2020-09-11 10:45:12.830,RES01\admcunat
98,98,DMA,Dominica,Dominica,15.2976,-61.39,LAC,Latin America and the Caribbean,Americas,Caribbean,Latin America & Caribbean,Upper middle income,ROLAC,Central America & Caribbean,RBLAC,Yes,BRB,Barbados MCO,Yes,Non-LDC,SIDS,,,Non-fragile,2016-11-23 10:30:50.270,RES01\admcunat,2020-09-11 10:45:12.830,RES01\admcunat
99,99,DNK,Denmark,Denmark,55.6763,12.5681,,,Europe,Northern Europe,Europe & Central Asia,High income: OECD,CRD,Europe EU,,Yes,,,No,Non-LDC,Non-SIDS,Not Fragile,,Non-fragile,2016-11-23 10:30:50.270,RES01\admcunat,2020-09-11 10:45:12.830,RES01\admcunat
100,100,DOM,Dominican Republic,Dominican Republic,18.479,-69.8908,LAC,Latin America and the Caribbean,Americas,Caribbean,Latin America & Caribbean,Upper middle income,ROLAC,Central America & Caribbean,RBLAC,Yes,DOM,Dominican Republic,Yes,Non-LDC,SIDS,Not Fragile,,Non-fragile,2016-11-23 10:30:50.270,RES01\admcunat,2020-09-11 10:45:12.830,RES01\admcunat
101,101,DZA,Algeria,Algeria,36.7397,3.05097,Arab States,Arab States,Africa,Northern Africa,Middle East & North Africa,Upper middle income,ROMENA,Middle East & North Africa,RBAS,Yes,DZA,Algeria,Yes,Non-LDC,Non-SIDS,Not Fragile,,Non-fragile,2016-11-23 10:30:50.270,RES01\admcunat,2020-09-11 10:45:12.830,RES01\admcunat
102,102,ECU,Ecuador,Ecuador,-0.229498,-78.5243,LAC,Latin America and the Caribbean,Americas,South America,Latin America & Caribbean,Upper middle income,ROLAC,Central America & Caribbean,RBLAC,Yes,ECU,Ecuador,Yes,Non-LDC,Non-SIDS,Not Fragile,,Non-fragile,2016-11-23 10:30:50.270,RES01\admcunat,2020-09-11 10:45:12.830,RES01\admcunat
103,103,EGY,Egypt,Egypt,30.0982,31.2461,Arab States,Arab States,Africa,Northern Africa,Middle East & North Africa,Lower middle income,ROMENA,Middle East & North Africa,RBAS,Yes,EGY,Egypt,Yes,Non-LDC,Non-SIDS,Fragile,,Fragile,2016-11-23 10:30:50.270,RES01\admcunat,2020-09-11 10:45:12.830,RES01\admcunat
104,104,ERI,Eritrea,Eritrea,15.3315,38.9183,Africa,Africa,Africa,Eastern Africa,Sub-Saharan Africa,Low income,ROCEA,Sub-Saharan Africa,RBA,Yes,ERI,Eritrea,Yes,LDC,Non-SIDS,Extremely Fragile,Fragile,Fragile,2016-11-23 10:30:50.270,RES01\admcunat,2020-09-11 10:45:12.830,RES01\admcunat
105,105,ESH,Western Sahara,Western Sahara,24.215527,-12.885834,,,,,,,,,,No,,,No,Non-LDC,Non-SIDS,,,Non-fragile,2016-11-24 15:02:20.090,RES01\admcunat,2020-09-11 10:45:12.830,RES01\admcunat
106,106,ESP,Spain,Spain,40.4167,-3.70327,,,Europe,Southern Europe,Europe & Central Asia,High income: OECD,CRD,Europe EU,,Yes,,,No,Non-LDC,Non-SIDS,Not Fragile,,Non-fragile,2016-11-23 10:30:50.270,RES01\admcunat,2020-09-11 10:45:12.830,RES01\admcunat
107,107,EST,Estonia,Estonia,59.4392,24.7586,ECIS,Europe and the CIS,Europe,Northern Europe,Europe & Central Asia,High income: OECD,CRD,Europe EU,RBEC,Yes,,,No,Non-LDC,Non-SIDS,Not Fragile,,Non-fragile,2016-11-23 10:30:50.270,RES01\admcunat,2020-09-11 10:45:12.830,RES01\admcunat
108,108,ETH,Ethiopia,Ethiopia,9.02274,38.7468,Africa,Africa,Africa,Eastern Africa,Sub-Saharan Africa,Low income,ROCEA,Sub-Saharan Africa,RBA,Yes,ETH,Ethiopia,Yes,LDC,Non-SIDS,Extremely Fragile,Fragile,Fragile,2016-11-23 10:30:50.270,RES01\admcunat,2020-09-11 10:45:12.830,RES01\admcunat
109,109,FIN,Finland,Finland,60.1608,24.9525,,,Europe,Northern Europe,Europe & Central Asia,High income: OECD,CRD,Europe EU,,Yes,,,No,Non-LDC,Non-SIDS,Not Fragile,,Non-fragile,2016-11-23 10:30:50.270,RES01\admcunat,2020-09-11 10:45:12.830,RES01\admcunat
110,110,ABW,Aruba,Aruba,12.5167,-70.0167,LAC,Latin America and the Caribbean,,,,,,,RBLAC,No,TTO,Trinidad and Tobago MCO,Yes,Non-LDC,SIDS,,,Non-fragile,2016-11-23 10:30:50.270,RES01\admcunat,2020-09-11 10:45:12.830,RES01\admcunat
111,111,AFG,Afghanistan,Afghanistan,34.5228,69.1761,Asia Pacific,Asia and the Pacific,Asia,Southern Asia,South Asia,Low income,ROMENA,South Asia,RBAP,Yes,AFG,Afghanistan,Yes,LDC,Non-SIDS,Extremely Fragile,Extremely Fragile,Fragile,2016-11-23 10:30:50.270,RES01\admcunat,2020-09-11 10:45:12.830,RES01\admcunat
112,112,AGO,Angola,Angola,-8.81155,13.242,Africa,Africa,Africa,Middle Africa,Sub-Saharan Africa,Upper middle income,ROSA,Sub-Saharan Africa,RBA,Yes,AGO,Angola,Yes,LDC,Non-SIDS,Fragile,Fragile,Fragile,2016-11-23 10:30:50.270,RES01\admcunat,2020-09-11 10:45:12.830,RES01\admcunat
113,113,AIA,Anguilla,Anguilla,18.220554,-63.068615,LAC,Latin America and the Caribbean,,,,,,,RBLAC,No,BRB,Barbados MCO,Yes,Non-LDC,SIDS,,,Non-fragile,2016-11-23 10:30:50.270,RES01\admcunat,2020-09-11 10:45:12.830,RES01\admcunat
114,114,ALA,Åland Islands,Åland Islands,60.014606,20.41394,,,,,,,,,,No,,,No,Non-LDC,Non-SIDS,,,Non-fragile,2016-11-24 15:02:20.090,RES01\admcunat,2020-09-11 10:45:12.830,RES01\admcunat
115,115,ALB,Albania,Albania,41.3317,19.8172,ECIS,Europe and the CIS,Europe,Southern Europe,Europe & Central Asia,Upper middle income,CRD,Caucasus & EU's Eastern Neighbourhood,RBEC,Yes,ALB,Albania,Yes,Non-LDC,Non-SIDS,Not Fragile,,Non-fragile,2016-11-23 10:30:50.270,RES01\admcunat,2020-09-11 10:45:12.830,RES01\admcunat
116,116,AND,Andorra,Andorra,42.5075,1.5218,,,,,,,,,,Yes,,,No,Non-LDC,Non-SIDS,,,Non-fragile,2016-11-24 15:02:20.090,RES01\admcunat,2020-09-11 10:45:12.830,RES01\admcunat
117,117,ANT,Netherlands Antilles,Netherlands Antilles,12.226079,-69.060087,LAC,Latin America and the Caribbean,,,,,,,RBLAC,No,,,No,Non-LDC,Non-SIDS,,,Non-fragile,2016-11-23 10:30:50.270,RES01\admcunat,2020-09-11 10:45:12.830,RES01\admcunat
118,118,ARE,United Arab Emirates,United Arab Emirates,24.4764,54.3705,Arab States,Arab States,Asia,Western Asia,Middle East & North Africa,High income: nonOECD,ROMENA,Middle East & North Africa,RBAS,Yes,ARE,United Arab Emirates,Yes,Non-LDC,Non-SIDS,Not Fragile,,Non-fragile,2016-11-23 10:30:50.270,RES01\admcunat,2020-09-11 10:45:12.830,RES01\admcunat
119,119,ARG,Argentina,Argentina,-34.6118,-58.4173,LAC,Latin America and the Caribbean,Americas,South America,Latin America & Caribbean,Upper middle income,ROLAC,Latin America,RBLAC,Yes,ARG,Argentina,Yes,Non-LDC,Non-SIDS,Not Fragile,,Non-fragile,2016-11-23 10:30:50.270,RES01\admcunat,2020-09-11 10:45:12.830,RES01\admcunat
120,120,ARM,Armenia,Armenia,40.1596,44.509,ECIS,Europe and the CIS,Asia,Western Asia,Europe & Central Asia,Lower middle income,ROCCA,Caucasus & EU's Eastern Neighbourhood,RBEC,Yes,ARM,Armenia,Yes,Non-LDC,Non-SIDS,Not Fragile,,Non-fragile,2016-11-23 10:30:50.270,RES01\admcunat,2020-09-11 10:45:12.830,RES01\admcunat
121,121,ASM,American Samoa,American Samoa,-14.2846,-170.691,,,,,,,,,,No,,,No,Non-LDC,SIDS,,,Non-fragile,2016-11-24 15:02:20.090,RES01\admcunat,2020-09-11 10:45:12.830,RES01\admcunat
122,122,ATA,Antarctica,Antarctica,-75.250973,-0.071389,,,,,,,,,,No,,,No,Non-LDC,Non-SIDS,,,Non-fragile,2016-11-24 15:02:20.090,RES01\admcunat,2020-09-11 10:45:12.830,RES01\admcunat
123,123,ATF,French Southern Territories,French Southern Territories,-49.280366,69.348557,,,,,,,,,,No,,,No,Non-LDC,Non-SIDS,,,Non-fragile,2016-11-24 15:02:20.090,RES01\admcunat,2020-09-11 10:45:12.830,RES01\admcunat
124,124,ATG,Antigua and Barbuda,Antigua and Barbuda,17.1175,-61.8456,LAC,Latin America and the Caribbean,Americas,Caribbean,Latin America & Caribbean,High income: nonOECD,ROLAC,Central America & Caribbean,RBLAC,Yes,BRB,Barbados MCO,Yes,Non-LDC,SIDS,,,Non-fragile,2016-11-23 10:30:50.270,RES01\admcunat,2020-09-11 10:45:12.830,RES01\admcunat
125,125,AUS,Australia,Australia,-35.282,149.129,,,Oceania,Australia and New Zealand,East Asia & Pacific,High income: OECD,ROAP,East Asia & Pacific,,Yes,,,No,Non-LDC,Non-SIDS,Not Fragile,,Non-fragile,2016-11-23 10:30:50.270,RES01\admcunat,2020-09-11 10:45:12.830,RES01\admcunat
126,126,AUT,Austria,Austria,48.2201,16.3798,,,Europe,Western Europe,Europe & Central Asia,High income: OECD,CRD,Europe EU,,Yes,,,No,Non-LDC,Non-SIDS,Not Fragile,,Non-fragile,2016-11-23 10:30:50.270,RES01\admcunat,2020-09-11 10:45:12.830,RES01\admcunat
127,127,AZE,Azerbaijan,Azerbaijan,40.3834,49.8932,ECIS,Europe and the CIS,Asia,Western Asia,Europe & Central Asia,Upper middle income,ROCCA,Caucasus & EU's Eastern Neighbourhood,RBEC,Yes,AZE,Azerbaijan,Yes,Non-LDC,Non-SIDS,Not Fragile,,Non-fragile,2016-11-23 10:30:50.270,RES01\admcunat,2020-09-11 10:45:12.830,RES01\admcunat
128,128,BDI,Burundi,Burundi,-3.3784,29.3639,Africa,Africa,Africa,Eastern Africa,Sub-Saharan Africa,Low income,ROCEA,Sub-Saharan Africa,RBA,Yes,BDI,Burundi,Yes,LDC,Non-SIDS,Extremely Fragile,Extremely Fragile,Fragile,2016-11-23 10:30:50.270,RES01\admcunat,2020-09-11 10:45:12.830,RES01\admcunat
129,129,BEL,Belgium,Belgium,50.8371,4.36761,,,Europe,Western Europe,Europe & Central Asia,High income: OECD,CRD,Europe EU,,Yes,,,No,Non-LDC,Non-SIDS,Not Fragile,,Non-fragile,2016-11-23 10:30:50.270,RES01\admcunat,2020-09-11 10:45:12.830,RES01\admcunat
130,130,BEN,Benin,Benin,6.4779,2.6323,Africa,Africa,Africa,Western Africa,Sub-Saharan Africa,Low income,ROWCA,Sub-Saharan Africa,RBA,Yes,BEN,Benin,Yes,LDC,Non-SIDS,Not Fragile,,Non-fragile,2016-11-23 10:30:50.270,RES01\admcunat,2020-09-11 10:45:12.830,RES01\admcunat
131,131,BES,"Bonaire, Sint Eustatius and Saba","Bonaire, Sint Eustatius and Saba",12.1683718,-68.308183,,,,,,,,,,No,,,No,Non-LDC,Non-SIDS,,,Non-fragile,2016-11-24 15:02:20.090,RES01\admcunat,2020-09-11 10:45:12.830,RES01\admcunat
132,132,CAF,Central African Republic,Central African Republic,5.63056,21.6407,Africa,Africa,Africa,Middle Africa,Sub-Saharan Africa,Low income,ROWCA,Sub-Saharan Africa,RBA,Yes,CAF,Central African Republic,Yes,LDC,Non-SIDS,Extremely Fragile,Extremely Fragile,Fragile,2016-11-23 10:30:50.270,RES01\admcunat,2020-09-11 10:45:12.830,RES01\admcunat
133,133,CAN,Canada,Canada,45.4215,-75.6919,,,Americas,Northern America,North America,High income: OECD,CRD,North America,,Yes,,,No,Non-LDC,Non-SIDS,Not Fragile,,Non-fragile,2016-11-23 10:30:50.270,RES01\admcunat,2020-09-11 10:45:12.830,RES01\admcunat
134,134,CCK,Cocos (Keeling) Islands,Cocos (Keeling) Islands,-12.164165,96.870956,,,,,,,,,,No,,,No,Non-LDC,Non-SIDS,,,Non-fragile,2016-11-24 15:02:20.090,RES01\admcunat,2020-09-11 10:45:12.830,RES01\admcunat
135,135,CHE,Switzerland,Switzerland,46.948,7.44821,,,Europe,Western Europe,Europe & Central Asia,High income: OECD,CRD,Europe nonEU,,Yes,,,No,Non-LDC,Non-SIDS,Not Fragile,,Non-fragile,2016-11-23 10:30:50.270,RES01\admcunat,2020-09-11 10:45:12.830,RES01\admcunat
136,136,CHL,Chile,Chile,-33.475,-70.6475,LAC,Latin America and the Caribbean,Americas,South America,Latin America & Caribbean,High income: OECD,ROLAC,Latin America,RBLAC,Yes,CHL,Chile,Yes,Non-LDC,Non-SIDS,Not Fragile,,Non-fragile,2016-11-23 10:30:50.270,RES01\admcunat,2020-09-11 10:45:12.830,RES01\admcunat
137,137,CHN,China,China,40.0495,116.286,Asia Pacific,Asia and the Pacific,Asia,Eastern Asia,East Asia & Pacific,Upper middle income,ROAP,East Asia & Pacific,RBAP,Yes,CHN,China,Yes,Non-LDC,Non-SIDS,Not Fragile,,Non-fragile,2016-11-23 10:30:50.270,RES01\admcunat,2020-09-11 10:45:12.830,RES01\admcunat
138,138,CIV,Côte d'Ivoire,Cote d'Ivoire,5.332,-4.0305,Africa,Africa,Africa,Western Africa,Sub-Saharan Africa,Lower middle income,ROWCA,Sub-Saharan Africa,RBA,Yes,CIV,Côte d'Ivoire,Yes,Non-LDC,Non-SIDS,Fragile,Fragile,Fragile,2016-11-23 10:30:50.270,RES01\admcunat,2020-09-11 10:45:12.830,RES01\admcunat
139,139,CMR,"Cameroon, Republic of",Cameroon,3.8721,11.5174,Africa,Africa,Africa,Middle Africa,Sub-Saharan Africa,Lower middle income,ROWCA,Sub-Saharan Africa,RBA,Yes,CMR,"Cameroon, Republic of",Yes,Non-LDC,Non-SIDS,Fragile,Fragile,Fragile,2016-11-23 10:30:50.270,RES01\admcunat,2020-09-11 10:45:12.830,RES01\admcunat
140,140,COD,Democratic Republic of Congo,Congo (DRC),-4.325,15.3222,Africa,Africa,Africa,Middle Africa,Sub-Saharan Africa,Low income,ROWCA,Sub-Saharan Africa,RBA,Yes,COD,Democratic Republic of Congo,Yes,LDC,Non-SIDS,Extremely Fragile,Extremely Fragile,Fragile,2016-11-23 10:30:50.270,RES01\admcunat,2020-09-11 10:45:12.830,RES01\admcunat
141,141,COG,Congo,"Congo, Rep",-4.2767,15.2662,Africa,Africa,Africa,Middle Africa,Sub-Saharan Africa,Lower middle income,ROWCA,Sub-Saharan Africa,RBA,Yes,COG,Congo,Yes,Non-LDC,Non-SIDS,Fragile,Extremely Fragile,Fragile,2016-11-23 10:30:50.270,RES01\admcunat,2020-09-11 10:45:12.830,RES01\admcunat
142,142,COK,Cook Islands,Cook Islands,-21.236736,-159.777671,Asia Pacific,Asia and the Pacific,,,,,,,RBAP,No,WSM,Samoa MCO,Yes,Non-LDC,SIDS,,,Non-fragile,2016-11-23 10:30:50.270,RES01\admcunat,2020-09-11 10:45:12.830,RES01\admcunat
143,143,COL,Colombia,Colombia,4.60987,-74.082,LAC,Latin America and the Caribbean,Americas,South America,Latin America & Caribbean,Upper middle income,ROLAC,Latin America,RBLAC,Yes,COL,Colombia,Yes,Non-LDC,Non-SIDS,Not Fragile,,Non-fragile,2016-11-23 10:30:50.270,RES01\admcunat,2020-09-11 10:45:12.830,RES01\admcunat
144,144,COM,Comoros,Comoros,-11.6986,43.2418,Africa,Africa,Africa,Eastern Africa,Sub-Saharan Africa,Low income,ROSA,Sub-Saharan Africa,RBA,Yes,COM,Comoros,Yes,LDC,SIDS,Fragile,Fragile,Fragile,2016-11-23 10:30:50.270,RES01\admcunat,2020-09-11 10:45:12.830,RES01\admcunat
145,145,CPV,Cape Verde,Cabo Verde,14.9218,-23.5087,Africa,Africa,Africa,Western Africa,Sub-Saharan Africa,Lower middle income,ROWCA,Sub-Saharan Africa,RBA,Yes,CPV,Cape Verde,Yes,Non-LDC,SIDS,Not Fragile,,Non-fragile,2016-11-23 10:30:50.270,RES01\admcunat,2020-09-11 10:45:12.830,RES01\admcunat
146,146,CRI,Costa Rica,Costa Rica,9.63701,-84.0089,LAC,Latin America and the Caribbean,Americas,Central America,Latin America & Caribbean,Upper middle income,ROLAC,Central America & Caribbean,RBLAC,Yes,CRI,Costa Rica,Yes,Non-LDC,Non-SIDS,Not Fragile,,Non-fragile,2016-11-23 10:30:50.270,RES01\admcunat,2020-09-11 10:45:12.830,RES01\admcunat
147,147,CUB,Cuba,Cuba,23.1333,-82.3667,LAC,Latin America and the Caribbean,Americas,Caribbean,Latin America & Caribbean,Upper middle income,ROLAC,Central America & Caribbean,RBLAC,Yes,CUB,Cuba,Yes,Non-LDC,SIDS,Not Fragile,,Non-fragile,2016-11-23 10:30:50.270,RES01\admcunat,2020-09-11 10:45:12.830,RES01\admcunat
148,148,CUW,Curaçao,Curacao,12.16957,-68.990021,LAC,Latin America and the Caribbean,,,,,,,,Yes,TTO,Trinidad and Tobago MCO,Yes,Non-LDC,SIDS,,,Non-fragile,2016-11-24 15:02:20.090,RES01\admcunat,2020-09-11 10:45:12.830,RES01\admcunat
149,149,CXR,Christmas Island,Christmas Island,-10.447525,105.690449,,,,,,,,,,No,,,No,Non-LDC,Non-SIDS,,,Non-fragile,2016-11-24 15:02:20.090,RES01\admcunat,2020-09-11 10:45:12.830,RES01\admcunat
150,150,FJI,Fiji,Fiji,-18.1149,178.399,Asia Pacific,Asia and the Pacific,Oceania,Melanesia,East Asia & Pacific,Upper middle income,ROP,East Asia & Pacific,RBAP,Yes,FJI,Pacific MCO,Yes,Non-LDC,SIDS,Not Fragile,,Non-fragile,2016-11-23 10:30:50.270,RES01\admcunat,2020-09-11 10:45:12.830,RES01\admcunat
151,151,FLK,Falkland Islands (Malvinas),Falkland Islands (Malvinas),-51.796253,-59.523613,,,,,,,,,,No,,,No,Non-LDC,Non-SIDS,,,Non-fragile,2016-11-24 15:02:20.090,RES01\admcunat,2020-09-11 10:45:12.830,RES01\admcunat
152,152,FRA,France,France,48.8566,2.35097,,,Europe,Western Europe,Europe & Central Asia,High income: OECD,CRD,Europe EU,,Yes,,,No,Non-LDC,Non-SIDS,Not Fragile,,Non-fragile,2016-11-23 10:30:50.270,RES01\admcunat,2020-09-11 10:45:12.830,RES01\admcunat
153,153,FRO,Faroe Islands,Faroe Islands,61.8926,-6.91181,,,,,,,,,,No,,,No,Non-LDC,Non-SIDS,,,Non-fragile,2016-11-24 15:02:20.090,RES01\admcunat,2020-09-11 10:45:12.830,RES01\admcunat
154,154,FSM,"Micronesia, Federated States of",Micronesia,6.91771,158.185,Asia Pacific,Asia and the Pacific,Oceania,Micronesia,East Asia & Pacific,Lower middle income,ROP,East Asia & Pacific,RBAP,Yes,FJI,Pacific MCO,Yes,Non-LDC,SIDS,,,Non-fragile,2016-11-23 10:30:50.270,RES01\admcunat,2020-09-11 10:45:12.830,RES01\admcunat
155,155,GAB,Gabon,Gabon,0.38832,9.45162,Africa,Africa,Africa,Middle Africa,Sub-Saharan Africa,Upper middle income,ROWCA,Sub-Saharan Africa,RBA,Yes,GAB,Gabon,Yes,Non-LDC,Non-SIDS,Not Fragile,,Non-fragile,2016-11-23 10:30:50.270,RES01\admcunat,2020-09-11 10:45:12.830,RES01\admcunat
156,156,GBR,United Kingdom of Great Britain and Northern Ireland,United Kingdom,51.5002,-0.126236,,,Europe,Northern Europe,Europe & Central Asia,High income: OECD,CRD,Europe EU,,Yes,,,No,Non-LDC,Non-SIDS,Not Fragile,,Non-fragile,2016-11-23 10:30:50.270,RES01\admcunat,2020-09-11 10:45:12.830,RES01\admcunat
157,157,GEO,Georgia,Georgia,41.71,44.793,ECIS,Europe and the CIS,Asia,Western Asia,Europe & Central Asia,Lower middle income,ROCCA,Caucasus & EU's Eastern Neighbourhood,RBEC,Yes,GEO,Georgia,Yes,Non-LDC,Non-SIDS,Not Fragile,,Non-fragile,2016-11-23 10:30:50.270,RES01\admcunat,2020-09-11 10:45:12.830,RES01\admcunat
158,158,GGY,Guernsey,Guernsey,49.465691,-2.585278,,,,,,,,,,No,,,No,Non-LDC,Non-SIDS,,,Non-fragile,2016-11-24 15:02:20.090,RES01\admcunat,2020-09-11 10:45:12.830,RES01\admcunat
159,159,GHA,Ghana,Ghana,5.57045,-0.20795,Africa,Africa,Africa,Western Africa,Sub-Saharan Africa,Lower middle income,ROWCA,Sub-Saharan Africa,RBA,Yes,GHA,Ghana,Yes,Non-LDC,Non-SIDS,Not Fragile,,Non-fragile,2016-11-23 10:30:50.270,RES01\admcunat,2020-09-11 10:45:12.830,RES01\admcunat
160,160,GIB,Gibraltar,Gibraltar,35.946339,-5.655601,,,,,,,,,,No,,,No,Non-LDC,Non-SIDS,,,Non-fragile,2016-11-24 15:02:20.090,RES01\admcunat,2020-09-11 10:45:12.830,RES01\admcunat
161,161,GIN,Guinea,Guinea,9.51667,-13.7,Africa,Africa,Africa,Western Africa,Sub-Saharan Africa,Low income,ROWCA,Sub-Saharan Africa,RBA,Yes,GIN,Guinea,Yes,LDC,Non-SIDS,Fragile,Fragile,Fragile,2016-11-23 10:30:50.270,RES01\admcunat,2020-09-11 10:45:12.830,RES01\admcunat
162,162,GLO,Global,Global,,,Global,Global,Global,Global,Global,,Global,Global,Global,No,,,No,Non-LDC,Non-SIDS,,,Non-fragile,2016-11-23 10:30:50.270,RES01\admcunat,2020-09-11 10:45:12.830,RES01\admcunat
163,163,GLP,Guadeloupe,Guadeloupe,16.995971,-62.067641,,,,,,,,,,No,,,No,Non-LDC,SIDS,,,Non-fragile,2016-11-24 15:02:20.090,RES01\admcunat,2020-09-11 10:45:12.830,RES01\admcunat
164,164,GMB,Gambia,Gambia,13.4495,-16.5885,Africa,Africa,Africa,Western Africa,Sub-Saharan Africa,Low income,ROWCA,Sub-Saharan Africa,RBA,Yes,GMB,Gambia,Yes,LDC,Non-SIDS,Fragile,Fragile,Fragile,2016-11-23 10:30:50.270,RES01\admcunat,2020-09-11 10:45:12.830,RES01\admcunat
165,165,GNB,Guinea-Bissau,Guinea-Bissau,11.8037,-15.1804,Africa,Africa,Africa,Western Africa,Sub-Saharan Africa,Low income,ROWCA,Sub-Saharan Africa,RBA,Yes,GNB,Guinea-Bissau,Yes,LDC,SIDS,Fragile,Fragile,Fragile,2016-11-23 10:30:50.270,RES01\admcunat,2020-09-11 10:45:12.830,RES01\admcunat
166,166,GNQ,Equatorial Guinea,Equatorial Guinea,3.7523,8.7741,Africa,Africa,Africa,Middle Africa,Sub-Saharan Africa,High income: nonOECD,ROWCA,Sub-Saharan Africa,RBA,Yes,GNQ,Equatorial Guinea,Yes,Non-LDC,Non-SIDS,Fragile,Fragile,Fragile,2016-11-23 10:30:50.270,RES01\admcunat,2020-09-11 10:45:12.830,RES01\admcunat
167,167,GRC,Greece,Greece,37.9792,23.7166,,,Europe,Southern Europe,Europe & Central Asia,High income: OECD,CRD,Europe EU,,Yes,,,No,Non-LDC,Non-SIDS,Not Fragile,,Non-fragile,2016-11-23 10:30:50.270,RES01\admcunat,2020-09-11 10:45:12.830,RES01\admcunat
168,168,GRD,Grenada,Grenada,12.0653,-61.7449,LAC,Latin America and the Caribbean,Americas,Caribbean,Latin America & Caribbean,Upper middle income,ROLAC,Central America & Caribbean,RBLAC,Yes,BRB,Barbados MCO,Yes,Non-LDC,SIDS,,,Non-fragile,2016-11-23 10:30:50.270,RES01\admcunat,2020-09-11 10:45:12.830,RES01\admcunat
169,169,GRL,Greenland,Greenland,64.1836,-51.7214,,,,,,,,,,No,,,No,Non-LDC,Non-SIDS,,,Non-fragile,2016-11-24 15:02:20.090,RES01\admcunat,2020-09-11 10:45:12.830,RES01\admcunat
170,170,GTM,Guatemala,Guatemala,14.6248,-90.5328,LAC,Latin America and the Caribbean,Americas,Central America,Latin America & Caribbean,Lower middle income,ROLAC,Central America & Caribbean,RBLAC,Yes,GTM,Guatemala,Yes,Non-LDC,Non-SIDS,Fragile,Fragile,Fragile,2016-11-23 10:30:50.270,RES01\admcunat,2020-09-11 10:45:12.830,RES01\admcunat
171,171,GUF,French Guiana,French Guiana,3.933889,-53.125782,,,,,,,,,,No,,,No,Non-LDC,Non-SIDS,,,Non-fragile,2016-11-24 15:02:20.090,RES01\admcunat,2020-09-11 10:45:12.830,RES01\admcunat
172,172,GUM,Guam,Guam,13.4443,144.794,,,,,,,,,,No,,,No,Non-LDC,SIDS,,,Non-fragile,2016-11-24 15:02:20.090,RES01\admcunat,2020-09-11 10:45:12.830,RES01\admcunat
173,173,JPN,Japan,Japan,35.67,139.77,,,Asia,Eastern Asia,East Asia & Pacific,High income: OECD,ROAP,East Asia & Pacific,,Yes,,,No,Non-LDC,Non-SIDS,Not Fragile,,Non-fragile,2016-11-23 10:30:50.270,RES01\admcunat,2020-09-11 10:45:12.830,RES01\admcunat
174,174,KAZ,Kazakhstan,Kazakhstan,51.1879,71.4382,ECIS,Europe and the CIS,Asia,Central Asia,Europe & Central Asia,Upper middle income,ROCCA,Central Asia,RBEC,Yes,KAZ,Kazakhstan,Yes,Non-LDC,Non-SIDS,Not Fragile,,Non-fragile,2016-11-23 10:30:50.270,RES01\admcunat,2020-09-11 10:45:12.830,RES01\admcunat
175,175,KEN,Kenya,Kenya,-1.27975,36.8126,Africa,Africa,Africa,Eastern Africa,Sub-Saharan Africa,Low income,ROCEA,Sub-Saharan Africa,RBA,Yes,KEN,Kenya,Yes,Non-LDC,Non-SIDS,Fragile,Fragile,Fragile,2016-11-23 10:30:50.270,RES01\admcunat,2020-09-11 10:45:12.830,RES01\admcunat
176,176,KGZ,Kyrgyzstan,Kyrgyz Republic,42.8851,74.6057,ECIS,Europe and the CIS,Asia,Central Asia,Europe & Central Asia,Low income,ROCCA,Central Asia,RBEC,Yes,KGZ,Kyrgyzstan,Yes,Non-LDC,Non-SIDS,Not Fragile,,Non-fragile,2016-11-23 10:30:50.270,RES01\admcunat,2020-09-11 10:45:12.830,RES01\admcunat
177,177,KHM,Cambodia,Cambodia,11.5556,104.874,Asia Pacific,Asia and the Pacific,Asia,South-Eastern Asia,East Asia & Pacific,Low income,ROAP,East Asia & Pacific,RBAP,Yes,KHM,Cambodia,Yes,LDC,Non-SIDS,Not Fragile,Fragile,Non-fragile,2016-11-23 10:30:50.270,RES01\admcunat,2020-09-11 10:45:12.830,RES01\admcunat
178,178,KIR,Kiribati,Kiribati,1.32905,172.979,Asia Pacific,Asia and the Pacific,Oceania,Micronesia,East Asia & Pacific,Lower middle income,ROP,East Asia & Pacific,RBAP,Yes,FJI,Pacific MCO,Yes,LDC,SIDS,,,Non-fragile,2016-11-23 10:30:50.270,RES01\admcunat,2020-09-11 10:45:12.830,RES01\admcunat
179,179,KNA,St. Kitts and Nevis,St. Kitts and Nevis,17.3,-62.7309,LAC,Latin America and the Caribbean,Americas,Caribbean,Latin America & Caribbean,High income: nonOECD,ROLAC,Central America & Caribbean,RBLAC,Yes,BRB,Barbados MCO,Yes,Non-LDC,SIDS,,,Non-fragile,2016-11-23 10:30:50.270,RES01\admcunat,2020-09-11 10:45:12.830,RES01\admcunat
180,180,KOR,"Korea, Republic of","Korea, ROK",37.5323,126.957,Asia Pacific,Asia and the Pacific,Asia,Eastern Asia,East Asia & Pacific,High income: OECD,ROAP,East Asia & Pacific,RBAP,Yes,,,No,Non-LDC,Non-SIDS,Not Fragile,,Non-fragile,2016-11-23 10:30:50.270,RES01\admcunat,2020-09-11 10:45:12.830,RES01\admcunat
182,182,KWT,Kuwait,Kuwait,29.3721,47.9824,Arab States,Arab States,Asia,Western Asia,Middle East & North Africa,High income: nonOECD,ROMENA,Middle East & North Africa,RBAS,Yes,KWT,Kuwait,Yes,Non-LDC,Non-SIDS,Not Fragile,,Non-fragile,2016-11-23 10:30:50.270,RES01\admcunat,2020-09-11 10:45:12.830,RES01\admcunat
183,183,LAO,Lao People's Democratic Republic,Lao PDR,18.5826,102.177,Asia Pacific,Asia and the Pacific,Asia,South-Eastern Asia,East Asia & Pacific,Lower middle income,ROAP,East Asia & Pacific,RBAP,Yes,LAO,Lao People's Democratic Republic,Yes,LDC,Non-SIDS,Fragile,Fragile,Fragile,2016-11-23 10:30:50.270,RES01\admcunat,2020-09-11 10:45:12.830,RES01\admcunat
184,184,LBN,Lebanon,Lebanon,33.8872,35.5134,Arab States,Arab States,Asia,Western Asia,Middle East & North Africa,Upper middle income,ROMENA,Middle East & North Africa,RBAS,Yes,LBN,Lebanon,Yes,Non-LDC,Non-SIDS,Not Fragile,,Non-fragile,2016-11-23 10:30:50.270,RES01\admcunat,2020-09-11 10:45:12.830,RES01\admcunat
185,185,LBR,Liberia,Liberia,6.30039,-10.7957,Africa,Africa,Africa,Western Africa,Sub-Saharan Africa,Low income,ROWCA,Sub-Saharan Africa,RBA,Yes,LBR,Liberia,Yes,LDC,Non-SIDS,Fragile,Fragile,Fragile,2016-11-23 10:30:50.270,RES01\admcunat,2020-09-11 10:45:12.830,RES01\admcunat
186,186,LBY,Libya,Libya,32.8578,13.1072,Arab States,Arab States,Africa,Northern Africa,Middle East & North Africa,Upper middle income,ROMENA,Middle East & North Africa,RBAS,Yes,LBY,Libya,Yes,Non-LDC,Non-SIDS,Fragile,Fragile,Fragile,2016-11-23 10:30:50.270,RES01\admcunat,2020-09-11 10:45:12.830,RES01\admcunat
187,187,MMR,Myanmar,Myanmar,21.914,95.9562,Asia Pacific,Asia and the Pacific,Asia,South-Eastern Asia,East Asia & Pacific,Low income,ROAP,East Asia & Pacific,RBAP,Yes,MMR,Myanmar,Yes,LDC,Non-SIDS,Fragile,Fragile,Fragile,2016-11-23 10:30:50.270,RES01\admcunat,2020-09-11 10:45:12.830,RES01\admcunat
188,188,MNE,Montenegro,Montenegro,42.4602,19.2595,ECIS,Europe and the CIS,Europe,Southern Europe,Europe & Central Asia,Upper middle income,CRD,Caucasus & EU's Eastern Neighbourhood,RBEC,Yes,MNE,Montenegro,Yes,Non-LDC,Non-SIDS,Not Fragile,,Non-fragile,2016-11-23 10:30:50.270,RES01\admcunat,2020-09-11 10:45:12.830,RES01\admcunat
189,189,MNG,Mongolia,Mongolia,47.9129,106.937,Asia Pacific,Asia and the Pacific,Asia,Eastern Asia,East Asia & Pacific,Lower middle income,ROAP,East Asia & Pacific,RBAP,Yes,MNG,Mongolia,Yes,Non-LDC,Non-SIDS,Not Fragile,,Non-fragile,2016-11-23 10:30:50.270,RES01\admcunat,2020-09-11 10:45:12.830,RES01\admcunat
190,190,MNP,Northern Mariana Islands,Northern Mariana Islands,15.1935,145.765,,,,,,,,,,No,,,No,Non-LDC,SIDS,,,Non-fragile,2016-11-24 15:02:20.090,RES01\admcunat,2020-09-11 10:45:12.830,RES01\admcunat
191,191,MOZ,Mozambique,Mozambique,-25.9664,32.5713,Africa,Africa,Africa,Eastern Africa,Sub-Saharan Africa,Low income,ROSA,Sub-Saharan Africa,RBA,Yes,MOZ,Mozambique,Yes,LDC,Non-SIDS,Fragile,Fragile,Fragile,2016-11-23 10:30:50.270,RES01\admcunat,2020-09-11 10:45:12.830,RES01\admcunat
192,192,MRT,Mauritania,Mauritania,18.2367,-15.9824,Africa,Africa,Africa,Western Africa,Sub-Saharan Africa,Lower middle income,ROWCA,Sub-Saharan Africa,RBA,Yes,MRT,Mauritania,Yes,LDC,Non-SIDS,Fragile,Fragile,Fragile,2016-11-23 10:30:50.270,RES01\admcunat,2020-09-11 10:45:12.830,RES01\admcunat
193,193,MSR,Montserrat,Montserrat,16.742498,-62.187366,LAC,Latin America and the Caribbean,,,,,,,RBLAC,No,BRB,Barbados MCO,Yes,Non-LDC,SIDS,,,Non-fragile,2016-11-23 10:30:50.270,RES01\admcunat,2020-09-11 10:45:12.830,RES01\admcunat
194,194,MTQ,Martinique,Martinique,14.641528,-61.024174,,,,,,,,,,No,,,No,Non-LDC,SIDS,,,Non-fragile,2016-11-24 15:02:20.090,RES01\admcunat,2020-09-11 10:45:12.830,RES01\admcunat
195,195,MUS,Mauritius,Mauritius,-20.1605,57.4977,Africa,Africa,Africa,Eastern Africa,Sub-Saharan Africa,Upper middle income,ROSA,Sub-Saharan Africa,RBA,Yes,MUS,Mauritius & Seychelles,Yes,Non-LDC,SIDS,Not Fragile,,Non-fragile,2016-11-23 10:30:50.270,RES01\admcunat,2020-09-11 10:45:12.830,RES01\admcunat
196,196,MWI,Malawi,Malawi,-13.9899,33.7703,Africa,Africa,Africa,Eastern Africa,Sub-Saharan Africa,Low income,ROSA,Sub-Saharan Africa,RBA,Yes,MWI,Malawi,Yes,LDC,Non-SIDS,Fragile,,Fragile,2016-11-23 10:30:50.270,RES01\admcunat,2020-09-11 10:45:12.830,RES01\admcunat
197,197,MYS,Malaysia,Malaysia,3.12433,101.684,Asia Pacific,Asia and the Pacific,Asia,South-Eastern Asia,East Asia & Pacific,Upper middle income,ROAP,East Asia & Pacific,RBAP,Yes,MYS,Malaysia,Yes,Non-LDC,Non-SIDS,Not Fragile,,Non-fragile,2016-11-23 10:30:50.270,RES01\admcunat,2020-09-11 10:45:12.830,RES01\admcunat
198,198,MYT,Mayotte,Mayotte,-12.8275,45.166244,,,,,,,,,,No,,,No,Non-LDC,Non-SIDS,,,Non-fragile,2016-11-24 15:02:20.090,RES01\admcunat,2020-09-11 10:45:12.830,RES01\admcunat
200,199,NAM,Namibia,Namibia,-22.5648,17.0931,Africa,Africa,Africa,Southern Africa,Sub-Saharan Africa,Upper middle income,ROSA,Sub-Saharan Africa,RBA,Yes,NAM,Namibia,Yes,Non-LDC,Non-SIDS,Not Fragile,,Non-fragile,2016-11-23 10:30:50.270,RES01\admcunat,2020-09-11 10:45:12.830,RES01\admcunat
201,200,NCL,New Caledonia,New Caledonia,-22.2677,166.464,,,,,,,,,,No,,,No,Non-LDC,SIDS,,,Non-fragile,2016-11-24 15:02:20.090,RES01\admcunat,2020-09-11 10:45:12.830,RES01\admcunat
202,201,NER,Niger,Niger,13.514,2.1073,Africa,Africa,Africa,Western Africa,Sub-Saharan Africa,Low income,ROWCA,Sub-Saharan Africa,RBA,Yes,NER,Niger,Yes,LDC,Non-SIDS,Fragile,Fragile,Fragile,2016-11-23 10:30:50.270,RES01\admcunat,2020-09-11 10:45:12.830,RES01\admcunat
203,202,NFK,Norfolk Island,Norfolk Island,-29.040835,167.954712,Asia Pacific,,,,,,,,,No,,,No,Non-LDC,Non-SIDS,,,Non-fragile,2016-11-23 10:30:50.270,RES01\admcunat,2020-09-11 10:45:12.830,RES01\admcunat
204,203,NGA,Nigeria,Nigeria,9.05804,7.48906,Africa,Africa,Africa,Western Africa,Sub-Saharan Africa,Lower middle income,ROWCA,Sub-Saharan Africa,RBA,Yes,NGA,Nigeria,Yes,Non-LDC,Non-SIDS,Fragile,Fragile,Fragile,2016-11-23 10:30:50.270,RES01\admcunat,2020-09-11 10:45:12.830,RES01\admcunat
205,204,NIC,Nicaragua,Nicaragua,12.1475,-86.2734,LAC,Latin America and the Caribbean,Americas,Central America,Latin America & Caribbean,Lower middle income,ROLAC,Central America & Caribbean,RBLAC,Yes,NIC,Nicaragua,Yes,Non-LDC,Non-SIDS,Not Fragile,Fragile,Non-fragile,2016-11-23 10:30:50.270,RES01\admcunat,2020-09-11 10:45:12.830,RES01\admcunat
206,205,NIU,Niue,Niue,-19.054445,-169.867233,Asia Pacific,Asia and the Pacific,,,,,,,RBAP,No,WSM,Samoa MCO,Yes,Non-LDC,SIDS,,,Non-fragile,2016-11-23 10:30:50.270,RES01\admcunat,2020-09-11 10:45:12.830,RES01\admcunat
207,206,NLD,Netherlands,Netherlands,52.3738,4.89095,,,Europe,Western Europe,Europe & Central Asia,High income: OECD,CRD,Europe EU,,Yes,,,No,Non-LDC,Non-SIDS,Not Fragile,,Non-fragile,2016-11-23 10:30:50.270,RES01\admcunat,2020-09-11 10:45:12.830,RES01\admcunat
208,207,QAT,Qatar,Qatar,25.2948,51.5082,Arab States,Arab States,Asia,Western Asia,Middle East & North Africa,High income: nonOECD,ROMENA,Middle East & North Africa,RBAS,Yes,,,No,Non-LDC,Non-SIDS,Not Fragile,,Non-fragile,2016-11-23 10:30:50.270,RES01\admcunat,2020-09-11 10:45:12.830,RES01\admcunat
209,208,REU,Réunion,Réunion,-21.115141,55.536384,,,,,,,,,,No,,,No,Non-LDC,Non-SIDS,,,Non-fragile,2016-11-24 15:02:20.090,RES01\admcunat,2020-09-11 10:45:12.830,RES01\admcunat
210,209,KOS,Kosovo,Kosovo,42.565,20.926,ECIS,Europe and the CIS,,,,,,,RBEC,No,KOS,Kosovo,Yes,Non-LDC,Non-SIDS,,,Non-fragile,2016-11-23 10:30:50.270,RES01\admcunat,2020-09-11 10:45:12.830,RES01\admcunat
211,210,ROU,Romania,Romania,44.4479,26.0979,ECIS,Europe and the CIS,Europe,Eastern Europe,Europe & Central Asia,Upper middle income,CRD,Europe EU,RBEC,Yes,,,No,Non-LDC,Non-SIDS,Not Fragile,,Non-fragile,2016-11-23 10:30:50.270,RES01\admcunat,2020-09-11 10:45:12.830,RES01\admcunat
212,211,RUS,Russian Federation,Russian Federation,55.7558,37.6176,ECIS,Europe and the CIS,Europe,Eastern Europe,Europe & Central Asia,High income: nonOECD,CRD,Russia Federation,RBEC,Yes,,,No,Non-LDC,Non-SIDS,Not Fragile,,Non-fragile,2016-11-23 10:30:50.270,RES01\admcunat,2020-09-11 10:45:12.830,RES01\admcunat
213,212,RWA,Rwanda,Rwanda,-1.95325,30.0587,Africa,Africa,Africa,Eastern Africa,Sub-Saharan Africa,Low income,ROCEA,Sub-Saharan Africa,RBA,Yes,RWA,Rwanda,Yes,LDC,Non-SIDS,Fragile,,Fragile,2016-11-23 10:30:50.270,RES01\admcunat,2020-09-11 10:45:12.830,RES01\admcunat
214,213,SAU,Saudi Arabia,Saudi Arabia,24.6748,46.6977,Arab States,Arab States,Asia,Western Asia,Middle East & North Africa,High income: nonOECD,ROMENA,Middle East & North Africa,RBAS,Yes,SAU,Saudi Arabia,Yes,Non-LDC,Non-SIDS,Not Fragile,,Non-fragile,2016-11-23 10:30:50.270,RES01\admcunat,2020-09-11 10:45:12.830,RES01\admcunat
215,214,SDN,"Sudan, Republic of the",Sudan,15.5932,32.5363,Arab States,Arab States,Africa,Northern Africa,Sub-Saharan Africa,Lower middle income,ROCEA,Sub-Saharan Africa,RBAS,Yes,SDN,Sudan,Yes,LDC,Non-SIDS,Extremely Fragile,Extremely Fragile,Fragile,2016-11-23 10:30:50.270,RES01\admcunat,2020-09-11 10:45:12.830,RES01\admcunat
216,215,SEN,Senegal,Senegal,14.7247,-17.4734,Africa,Africa,Africa,Western Africa,Sub-Saharan Africa,Lower middle income,ROWCA,Sub-Saharan Africa,RBA,Yes,SEN,Senegal,Yes,LDC,Non-SIDS,Not Fragile,,Non-fragile,2016-11-23 10:30:50.270,RES01\admcunat,2020-09-11 10:45:12.830,RES01\admcunat
217,216,SGP,Singapore,Singapore,1.28941,103.85,,,Asia,South-Eastern Asia,East Asia & Pacific,High income: nonOECD,ROAP,East Asia & Pacific,,Yes,,,No,Non-LDC,SIDS,Not Fragile,,Non-fragile,2016-11-23 10:30:50.270,RES01\admcunat,2020-09-11 10:45:12.830,RES01\admcunat
218,217,SGS,South Georgia and the South Sandwich Islands,South Georgia and the South Sandwich Islands,-54.429579,-36.587909,,,,,,,,,,No,,,No,Non-LDC,Non-SIDS,,,Non-fragile,2016-11-24 15:02:20.090,RES01\admcunat,2020-09-11 10:45:12.830,RES01\admcunat
219,218,SHN,"Saint Helena, Ascension and Tristan da Cunha","Saint Helena, Ascension and Tristan da Cunha",-24.143474,-10.030696,LAC,Latin America and the Caribbean,,,,,,,RBLAC,No,,,No,Non-LDC,Non-SIDS,,,Non-fragile,2016-11-23 10:30:50.270,RES01\admcunat,2020-09-11 10:45:12.830,RES01\admcunat
220,219,SJM,Svalbard and Jan Mayen,Svalbard and Jan Mayen,77.553604,23.670272,,,,,,,,,,No,,,No,Non-LDC,Non-SIDS,,,Non-fragile,2016-11-24 15:02:20.090,RES01\admcunat,2020-09-11 10:45:12.830,RES01\admcunat
221,220,SLB,Solomon Islands,Solomon Islands,-9.42676,159.949,Asia Pacific,Asia and the Pacific,Oceania,Melanesia,East Asia & Pacific,Lower middle income,ROP,East Asia & Pacific,RBAP,Yes,FJI,Pacific MCO,Yes,LDC,SIDS,Fragile,Fragile,Fragile,2016-11-23 10:30:50.270,RES01\admcunat,2020-09-11 10:45:12.830,RES01\admcunat
222,221,SLE,Sierra Leone,Sierra Leone,8.4821,-13.2134,Africa,Africa,Africa,Western Africa,Sub-Saharan Africa,Low income,ROWCA,Sub-Saharan Africa,RBA,Yes,SLE,Sierra Leone,Yes,LDC,Non-SIDS,Fragile,Fragile,Fragile,2016-11-23 10:30:50.270,RES01\admcunat,2020-09-11 10:45:12.830,RES01\admcunat
223,222,SLV,El Salvador,El Salvador,13.7034,-89.2073,LAC,Latin America and the Caribbean,Americas,Central America,Latin America & Caribbean,Lower middle income,ROLAC,Central America & Caribbean,RBLAC,Yes,SLV,El Salvador,Yes,Non-LDC,Non-SIDS,Not Fragile,,Non-fragile,2016-11-23 10:30:50.270,RES01\admcunat,2020-09-11 10:45:12.830,RES01\admcunat
224,223,SMR,San Marino,San Marino,43.9322,12.4486,,,,,,,,,,Yes,,,No,Non-LDC,Non-SIDS,,,Non-fragile,2016-11-24 15:02:20.090,RES01\admcunat,2020-09-11 10:45:12.830,RES01\admcunat
225,224,SOM,Somalia,Somalia,2.07515,45.3254,Arab States,Arab States,Africa,Eastern Africa,Sub-Saharan Africa,Low income,ROCEA,Sub-Saharan Africa,RBAS,Yes,SOM,Somalia,Yes,LDC,Non-SIDS,Extremely Fragile,Extremely Fragile,Fragile,2016-11-23 10:30:50.270,RES01\admcunat,2020-09-11 10:45:12.830,RES01\admcunat
226,225,SPM,Saint Pierre and Miquelon,Saint Pierre and Miquelon,46.941936,-56.27111,,,,,,,,,,No,,,No,Non-LDC,Non-SIDS,,,Non-fragile,2016-11-24 15:02:20.090,RES01\admcunat,2020-09-11 10:45:12.830,RES01\admcunat
227,226,SRB,Serbia,Serbia,44.8024,20.4656,ECIS,Europe and the CIS,Europe,Southern Europe,Europe & Central Asia,Upper middle income,CRD,Caucasus & EU's Eastern Neighbourhood,RBEC,Yes,SRB,Serbia,Yes,Non-LDC,Non-SIDS,Not Fragile,,Non-fragile,2016-11-23 10:30:50.270,RES01\admcunat,2020-09-11 10:45:12.830,RES01\admcunat
228,227,SSD,"South Sudan, Republic of",South Sudan,4.85,31.6,Africa,Africa,Africa,Eastern Africa,Sub-Saharan Africa,Low income,ROCEA,Sub-Saharan Africa,RBA,Yes,SSD,South Sudan,Yes,LDC,Non-SIDS,Extremely Fragile,Extremely Fragile,Fragile,2016-11-23 10:30:50.270,RES01\admcunat,2020-09-11 10:45:12.830,RES01\admcunat
229,228,TON,Tonga,Tonga,-21.136,-175.216,Asia Pacific,Asia and the Pacific,Oceania,Polynesia,East Asia & Pacific,Upper middle income,ROP,East Asia & Pacific,RBAP,Yes,FJI,Pacific MCO,Yes,Non-LDC,SIDS,,,Non-fragile,2016-11-23 10:30:50.270,RES01\admcunat,2020-09-11 10:45:12.830,RES01\admcunat
230,229,TTO,Trinidad and Tobago,Trinidad and Tobago,10.6596,-61.4789,LAC,Latin America and the Caribbean,Americas,Caribbean,Latin America & Caribbean,High income: nonOECD,ROLAC,Central America & Caribbean,RBLAC,Yes,TTO,Trinidad and Tobago MCO,Yes,Non-LDC,SIDS,Not Fragile,,Non-fragile,2016-11-23 10:30:50.270,RES01\admcunat,2020-09-11 10:45:12.830,RES01\admcunat
231,230,TUN,Tunisia,Tunisia,36.7899,10.21,Arab States,Arab States,Africa,Northern Africa,Middle East & North Africa,Upper middle income,ROMENA,Middle East & North Africa,RBAS,Yes,TUN,Tunisia,Yes,Non-LDC,Non-SIDS,Not Fragile,,Non-fragile,2016-11-23 10:30:50.270,RES01\admcunat,2020-09-11 10:45:12.830,RES01\admcunat
232,231,TUR,Turkey,Turkey,39.7153,32.3606,ECIS,Europe and the CIS,Asia,Western Asia,Europe & Central Asia,Upper middle income,ROMENA,Caucasus & EU's Eastern Neighbourhood,RBEC,Yes,TUR,Turkey,Yes,Non-LDC,Non-SIDS,Not Fragile,,Non-fragile,2016-11-23 10:30:50.270,RES01\admcunat,2020-09-11 10:45:12.830,RES01\admcunat
233,232,TUV,Tuvalu,Tuvalu,-8.6314877,179.089567,Asia Pacific,Asia and the Pacific,Oceania,Polynesia,East Asia & Pacific,Upper middle income,ROP,East Asia & Pacific,RBAP,Yes,FJI,Pacific MCO,Yes,LDC,SIDS,,,Non-fragile,2016-11-23 10:30:50.270,RES01\admcunat,2020-09-11 10:45:12.830,RES01\admcunat
234,233,TWN,"Taiwan, Province of China[a]","Taiwan, China",25.105497,121.597366,,,,,,,,,,No,,,No,Non-LDC,Non-SIDS,,,Non-fragile,2016-11-24 15:02:20.090,RES01\admcunat,2020-09-11 10:45:12.830,RES01\admcunat
235,234,TZA,United Republic of Tanzania,Tanzania,-6.17486,35.7382,Africa,Africa,Africa,Eastern Africa,Sub-Saharan Africa,Low income,ROSA,Sub-Saharan Africa,RBA,Yes,TZA,Tanzania,Yes,LDC,Non-SIDS,Fragile,Fragile,Fragile,2016-11-23 10:30:50.270,RES01\admcunat,2020-09-11 10:45:12.830,RES01\admcunat
236,235,UGA,Uganda,Uganda,0.314269,32.5729,Africa,Africa,Africa,Eastern Africa,Sub-Saharan Africa,Low income,ROCEA,Sub-Saharan Africa,RBA,Yes,UGA,Uganda,Yes,LDC,Non-SIDS,Fragile,Fragile,Fragile,2016-11-23 10:30:50.270,RES01\admcunat,2020-09-11 10:45:12.830,RES01\admcunat
237,236,UKR,Ukraine,Ukraine,50.4536,30.5038,ECIS,Europe and the CIS,Europe,Eastern Europe,Europe & Central Asia,Lower middle income,CRD,Caucasus & EU's Eastern Neighbourhood,RBEC,Yes,UKR,Ukraine,Yes,Non-LDC,Non-SIDS,Not Fragile,,Non-fragile,2016-11-23 10:30:50.270,RES01\admcunat,2020-09-11 10:45:12.830,RES01\admcunat
238,237,UMI,United States Minor Outlying Islands,United States Minor Outlying Islands,19.2823,166.647,,,,,,,,,,No,,,No,Non-LDC,Non-SIDS,,,Non-fragile,2016-11-24 15:02:20.090,RES01\admcunat,2020-09-11 10:45:12.830,RES01\admcunat
239,238,URY,Uruguay,Uruguay,-34.8941,-56.0675,LAC,Latin America and the Caribbean,Americas,South America,Latin America & Caribbean,High income: nonOECD,ROLAC,Latin America,RBLAC,Yes,URY,Uruguay,Yes,Non-LDC,Non-SIDS,Not Fragile,,Non-fragile,2016-11-23 10:30:50.270,RES01\admcunat,2020-09-11 10:45:12.830,RES01\admcunat
240,239,USA,United States of America,United States,38.8895,-77.032,,,Americas,Northern America,North America,High income: OECD,CRD,North America,,Yes,,,No,Non-LDC,Non-SIDS,Not Fragile,,Non-fragile,2016-11-23 10:30:50.270,RES01\admcunat,2020-09-11 10:45:12.830,RES01\admcunat
241,240,UZB,Uzbekistan,Uzbekistan,41.3052,69.269,ECIS,Europe and the CIS,Asia,Central Asia,Europe & Central Asia,Lower middle income,ROCCA,Central Asia,RBEC,Yes,UZB,Uzbekistan,Yes,Non-LDC,Non-SIDS,Not Fragile,,Non-fragile,2016-11-23 10:30:50.270,RES01\admcunat,2020-09-11 10:45:12.830,RES01\admcunat
242,241,VAT,Holy See,Holy See,41.903878,12.452818,,,,,,,,,,Yes,,,No,Non-LDC,Non-SIDS,,,Non-fragile,2016-11-24 15:02:20.090,RES01\admcunat,2020-09-11 10:45:12.830,RES01\admcunat
243,242,VCT,St. Vincent and the Grenadines,St. Vincent and the Grenadines,13.2035,-61.2653,LAC,Latin America and the Caribbean,Americas,Caribbean,Latin America & Caribbean,Upper middle income,ROLAC,Central America & Caribbean,RBLAC,Yes,BRB,Barbados MCO,Yes,Non-LDC,SIDS,,,Non-fragile,2016-11-23 10:30:50.270,RES01\admcunat,2020-09-11 10:45:12.830,RES01\admcunat
244,243,VEN,Venezuela,Venezuela,9.08165,-69.8371,LAC,Latin America and the Caribbean,Americas,South America,Latin America & Caribbean,Upper middle income,ROLAC,Latin America,RBLAC,Yes,VEN,Venezuela,Yes,Non-LDC,Non-SIDS,Fragile,Fragile,Fragile,2016-11-23 10:30:50.270,RES01\admcunat,2020-09-11 10:45:12.830,RES01\admcunat
245,244,VGB,Virgin Islands (British),Virgin Islands (British),18.431389,-64.623056,LAC,Latin America and the Caribbean,,,,,,,RBLAC,No,BRB,Barbados MCO,Yes,Non-LDC,SIDS,,,Non-fragile,2016-11-23 10:30:50.270,RES01\admcunat,2020-09-11 10:45:12.830,RES01\admcunat
246,245,VIR,Virgin Islands (U.S.),Virgin Islands (U.S.),18.3358,-64.8963,,,,,,,,,,No,,,No,Non-LDC,SIDS,,,Non-fragile,2016-11-24 15:02:20.090,RES01\admcunat,2020-09-11 10:45:12.830,RES01\admcunat
247,246,VNM,Viet Nam,Vietnam,21.0069,105.825,Asia Pacific,Asia and the Pacific,Asia,South-Eastern Asia,East Asia & Pacific,Lower middle income,ROAP,East Asia & Pacific,RBAP,Yes,VNM,Viet Nam,Yes,Non-LDC,Non-SIDS,Not Fragile,,Non-fragile,2016-11-23 10:30:50.270,RES01\admcunat,2020-09-11 10:45:12.830,RES01\admcunat
248,247,VUT,Vanuatu,Vanuatu,-17.7404,168.321,Asia Pacific,Asia and the Pacific,Oceania,Melanesia,East Asia & Pacific,Lower middle income,ROP,East Asia & Pacific,RBAP,Yes,FJI,Pacific MCO,Yes,LDC,SIDS,Not Fragile,,Non-fragile,2016-11-23 10:30:50.270,RES01\admcunat,2020-09-11 10:45:12.830,RES01\admcunat
249,248,WLF,Wallis and Futuna,Wallis and Futuna,-13.768752,-177.156097,,,,,,,,,,No,,,No,Non-LDC,Non-SIDS,,,Non-fragile,2016-11-24 15:02:20.090,RES01\admcunat,2020-09-11 10:45:12.830,RES01\admcunat
250,249,WSM,Samoa,Samoa,-13.8314,-171.752,Asia Pacific,Asia and the Pacific,Oceania,Polynesia,East Asia & Pacific,Lower middle income,ROP,East Asia & Pacific,RBAP,Yes,WSM,Samoa MCO,Yes,Non-LDC,SIDS,,,Non-fragile,2016-11-23 10:30:50.270,RES01\admcunat,2020-09-11 10:45:12.830,RES01\admcunat
251,250,YEM,Yemen,Yemen,15.352,44.2075,Arab States,Arab States,Asia,Western Asia,Middle East & North Africa,Lower middle income,ROMENA,Middle East & North Africa,RBAS,Yes,YEM,Yemen,Yes,LDC,Non-SIDS,Extremely Fragile,Extremely Fragile,Fragile,2016-11-23 10:30:50.270,RES01\admcunat,2020-09-11 10:45:12.830,RES01\admcunat
252,251,YUG,Yugoslavia,Yugoslavia,42.7833302,19.4666648,ECIS,Europe and the CIS,,,,,,,RBEC,No,,,No,Non-LDC,Non-SIDS,,,Non-fragile,2016-11-23 10:30:50.270,RES01\admcunat,2020-09-11 10:45:12.830,RES01\admcunat
253,252,ZAF,South Africa,South Africa,-25.746,28.1871,Africa,Africa,Africa,Southern Africa,Sub-Saharan Africa,Upper middle income,ROSA,Sub-Saharan Africa,RBA,Yes,ZAF,South Africa,Yes,Non-LDC,Non-SIDS,Not Fragile,,Non-fragile,2016-11-23 10:30:50.270,RES01\admcunat,2020-09-11 10:45:12.830,RES01\admcunat
254,253,ZMB,Zambia,Zambia,-15.3982,28.2937,Africa,Africa,Africa,Eastern Africa,Sub-Saharan Africa,Lower middle income,ROSA,Sub-Saharan Africa,RBA,Yes,ZMB,Zambia,Yes,LDC,Non-SIDS,Fragile,Fragile,Fragile,2016-11-23 10:30:50.270,RES01\admcunat,2020-09-11 10:45:12.830,RES01\admcunat
255,254,ZWE,Zimbabwe,Zimbabwe,-17.8312,31.0672,Africa,Africa,Africa,Eastern Africa,Sub-Saharan Africa,Low income,ROSA,Sub-Saharan Africa,RBA,Yes,ZWE,Zimbabwe,Yes,Non-LDC,Non-SIDS,Fragile,Fragile,Fragile,2016-11-23 10:30:50.270,RES01\admcunat,2020-09-11 10:45:12.830,RES01\admcunat
258,255,DAC,DAC Countries,,,,,,,,,,,,,,,,,,,,,,2018-11-29 15:36:39.800,RES01\admbaldassarre,2020-09-11 10:45:12.830,RES01\admcunat
